Sample No,200,202,204,206,208,210,212,214,216,218,220,222,224,226,228,230,232,234,236,238,240,242,244,246,248,250,252,254,256,258,260,262,264,266,268,270,272,274,276,278,280,282,284,286,288,290,292,294,296,298,300,302,304,306,308,310,312,314,316,318,320,322,324,326,328,330,332,334,336,338,340,342,344,346,348,350,352,354,356,358,360,362,364,366,368,370,372,374,376,378,380,382,384,386,388,390,392,394,396,398,400,402,404,406,408,410,412,414,416,418,420,422,424,426,428,430,432,434,436,438,440,442,444,446,448,450,452,454,456,458,460,462,464,466,468,470,472,474,476,478,480,482,484,486,488,490,492,494,496,498,500,502,504,506,508,510,512,514,516,518,520,522,524,526,528,530,532,534,536,538,540,542,544,546,548,550,552,554,556,558,560,562,564,566,568,570,572,574,576,578,580,582,584,586,588,590,592,594,596,598,600,602,604,606,608,610,612,614,616,618,620,622,624,626,628,630,632,634,636,638,640,642,644,646,648,650,652,654,656,658,660,662,664,666,668,670,672,674,676,678,680,682,684,686,688,690,692,694,696,698,700,702,704,706,708,710,712,714,716,718,720,722,724,726,728,730,732,734,736,738,740,742,744,746,748,750,752,754,756,758,760,762,764,766,768,770,772,774,776,778,780,782,784,786,788,790,792,794,796,798,800,802,804,806,808,810,812,814,816,818,820,822,824,826,828,830,832,834,836,838,840,842,844,846,848,850,852,854,856,858,860,862,864,866,868,870,872,874,876,878,880,882,884,886,888,890,892,894,896,898,900,902,904,906,908,910,912,914,916,918,920,922,924,926,928,930,932,934,936,938,940,942,944,946,948,950,952,954,956,958,960,962,964,966,968,970,972,974,976,978,980,982,984,986,988,990,992,994,996,998,1000,concentration
1,3.1696,3.105,3.3655,3.4927,3.3469,3.5429,3.1405,3.361,3.5683,3.3917,3.2886,3.4176,3.9185,3.5745,3.9774,3.3454,3.622,3.9281,3.5881,3.9292,3.6374,4.0,3.6481,3.4074,4.0,3.4357,2.9104,2.3283,1.8844,1.6255,1.5193,1.4715,1.4442,1.4196,1.3849,1.3299,1.2993,1.2563,1.1569,1.0428,0.9149,0.8108,0.7328,0.6781,0.6425,0.6115,0.5858,0.5656,0.5503,0.5356,0.5202,0.5029,0.4889,0.4765,0.4658,0.4568,0.4475,0.4395,0.4329,0.4265,0.4185,0.4127,0.407,0.4026,0.3971,0.3911,0.3871,0.3827,0.3788,0.3738,0.3698,0.3659,0.3622,0.3582,0.3546,0.3504,0.3468,0.3426,0.338,0.3345,0.3305,0.3274,0.3235,0.3195,0.3145,0.31,0.3058,0.3016,0.2972,0.294,0.29,0.2853,0.2817,0.2775,0.2738,0.2701,0.2668,0.2638,0.2611,0.2578,0.2548,0.2519,0.2496,0.2473,0.2444,0.2424,0.2399,0.2373,0.2345,0.2324,0.2304,0.2279,0.2262,0.2243,0.2222,0.22,0.2179,0.2157,0.2143,0.2121,0.2102,0.2083,0.2067,0.2051,0.2032,0.2016,0.2,0.1987,0.197,0.1953,0.194,0.1928,0.1916,0.1899,0.188,0.1865,0.1854,0.1841,0.1826,0.1813,0.1797,0.1785,0.1771,0.1764,0.1751,0.1744,0.1729,0.1714,0.1707,0.1687,0.1676,0.1667,0.1655,0.1643,0.163,0.162,0.1606,0.1602,0.1589,0.1579,0.1569,0.1559,0.1547,0.1536,0.1527,0.1523,0.1512,0.1504,0.1489,0.1483,0.1471,0.1467,0.1456,0.1448,0.1438,0.1435,0.1414,0.1411,0.1403,0.1397,0.1389,0.1383,0.1372,0.1361,0.1353,0.1346,0.1344,0.1334,0.1324,0.132,0.1311,0.1298,0.1295,0.1286,0.129,0.1271,0.1267,0.1262,0.1254,0.125,0.124,0.1241,0.123,0.1221,0.1215,0.1207,0.1198,0.12,0.119,0.1186,0.118,0.1168,0.1166,0.1157,0.1151,0.1156,0.1148,0.115,0.1132,0.113,0.1132,0.1123,0.1123,0.1111,0.1101,0.1092,0.109,0.109,0.1081,0.1071,0.1072,0.1066,0.1059,0.1059,0.1059,0.1043,0.1039,0.1036,0.1034,0.1034,0.1027,0.1017,0.1019,0.1011,0.1011,0.1014,0.1009,0.0997,0.0982,0.0985,0.0981,0.0984,0.0977,0.097,0.0973,0.0968,0.0961,0.0957,0.0955,0.0951,0.0946,0.0944,0.0942,0.0941,0.0936,0.0926,0.0934,0.0928,0.0922,0.0921,0.0929,0.0916,0.0914,0.0909,0.0912,0.0907,0.0901,0.0903,0.0897,0.089,0.0888,0.0889,0.0872,0.087,0.0876,0.0868,0.0865,0.0866,0.0851,0.0848,0.0854,0.0846,0.0837,0.0841,0.0847,0.0839,0.0848,0.0828,0.0824,0.0824,0.0824,0.0828,0.0809,0.0818,0.08,0.0812,0.0813,0.0808,0.0796,0.0791,0.0802,0.0801,0.08,0.0796,0.079,0.0791,0.0784,0.0795,0.0777,0.0777,0.0771,0.0771,0.0776,0.0772,0.077,0.076,0.0763,0.0766,0.0748,0.0762,0.0765,0.0742,0.0746,0.0748,0.0752,0.0743,0.0753,0.0751,0.0754,0.0749,0.0756,0.0758,0.0764,0.0757,0.0764,0.0767,0.0776,0.0769,0.0786,0.0782,0.079,0.0805,0.0808,0.082,0.082,0.0828,0.0845,0.0847,0.0872,0.0851,0.084,0.0844,0.0839,0.0826,0.0827,0.0782,0.0814,0.0805,0.0776,0.0765,0.0772,0.0753,0.076,0.074,0.0743,0.0712,0.0723,0.0689,0.0686,0.068,0.07,0.0679,0.0701,0.0689,0.0693,0.0693,0.071,0.0714,0.0706,0.0686,0.0681,0.0662,0.0684,0.0668,0.0699,0.0668,0.0687,0.0703,0.0687,0.0674,0.0685,0.0
1,3.4594,3.5048,3.5043,3.3228,3.5186,3.5318,3.2266,3.5208,3.8488,3.5442,3.262,3.3935,4.0,3.5513,3.9239,3.4885,3.8941,3.8868,4.0,4.0,3.8827,4.0,4.0,4.0,4.0,3.5406,3.5392,3.0932,2.6769,2.4038,2.2586,2.2181,2.2153,2.2254,2.2198,2.2095,2.2128,2.2157,2.1625,2.1036,2.0313,1.9583,1.9113,1.8958,1.8948,1.9187,1.9425,1.9739,2.0034,2.0392,2.0586,2.0934,2.1406,2.1626,2.2114,2.2425,2.3031,2.359,2.3976,2.4267,2.48,2.5159,2.5131,2.5224,2.5375,2.5077,2.4872,2.4735,2.3891,2.3317,2.2761,2.2152,2.1203,2.0292,1.9469,1.8469,1.7431,1.629,1.5164,1.4231,1.3147,1.2289,1.1295,1.0424,0.9393,0.8648,0.7727,0.7064,0.639,0.5869,0.5335,0.4851,0.443,0.4066,0.3746,0.3473,0.3245,0.3027,0.2884,0.2733,0.2599,0.2493,0.2408,0.2341,0.2267,0.2222,0.2178,0.2131,0.2094,0.2065,0.2041,0.2009,0.1995,0.197,0.1956,0.1932,0.1909,0.1891,0.1877,0.1859,0.1841,0.1823,0.181,0.1795,0.1781,0.1765,0.1753,0.1738,0.1723,0.1709,0.1692,0.1685,0.1678,0.1665,0.1645,0.1635,0.1622,0.1615,0.16,0.1589,0.1577,0.1565,0.1554,0.1549,0.1539,0.153,0.1524,0.1508,0.15,0.1488,0.148,0.1466,0.1463,0.1451,0.1438,0.143,0.142,0.1411,0.1403,0.1391,0.1388,0.1377,0.1367,0.1359,0.1352,0.1345,0.1338,0.1333,0.1319,0.1313,0.1302,0.1297,0.1291,0.1287,0.1276,0.1274,0.1258,0.1249,0.1247,0.1241,0.1229,0.1228,0.1217,0.1211,0.1205,0.1199,0.1192,0.1191,0.1182,0.1173,0.1164,0.1161,0.1153,0.1149,0.1143,0.1137,0.1132,0.1125,0.1121,0.1124,0.1108,0.1113,0.1103,0.1095,0.1085,0.1088,0.1082,0.1076,0.107,0.1066,0.1058,0.1045,0.1052,0.1046,0.1041,0.1046,0.1029,0.1041,0.1018,0.1018,0.101,0.1017,0.1006,0.1005,0.0987,0.0992,0.0978,0.0991,0.0983,0.0963,0.0972,0.0963,0.0963,0.0954,0.0951,0.0946,0.0944,0.0944,0.0937,0.0936,0.0929,0.0919,0.0917,0.0916,0.0911,0.0914,0.0907,0.0902,0.0893,0.0894,0.0892,0.0893,0.0892,0.0885,0.0878,0.0879,0.0871,0.0875,0.0865,0.0854,0.0855,0.0859,0.0862,0.0852,0.0855,0.085,0.0848,0.0842,0.0844,0.0846,0.0852,0.0833,0.0833,0.0829,0.0829,0.0828,0.0825,0.0818,0.0823,0.0815,0.0816,0.0817,0.0805,0.0795,0.0802,0.0792,0.0785,0.0787,0.0772,0.0781,0.0798,0.0781,0.0769,0.0788,0.0767,0.0773,0.0772,0.0755,0.0755,0.0764,0.0751,0.0758,0.0741,0.0745,0.0741,0.0751,0.0744,0.075,0.073,0.0729,0.0735,0.0736,0.0734,0.0732,0.0731,0.0733,0.0719,0.0724,0.0723,0.0721,0.0723,0.0706,0.0712,0.071,0.0707,0.0708,0.0712,0.0714,0.0687,0.0705,0.0707,0.0694,0.0694,0.0687,0.0687,0.0714,0.0693,0.0688,0.0692,0.0704,0.0708,0.0707,0.0707,0.0703,0.0708,0.0723,0.0735,0.0717,0.0729,0.0734,0.0736,0.0761,0.0768,0.0774,0.0773,0.0783,0.0793,0.0804,0.0818,0.0813,0.0795,0.0796,0.0782,0.079,0.0769,0.0735,0.0786,0.0743,0.0728,0.0737,0.0717,0.0698,0.0696,0.0697,0.0699,0.0663,0.0673,0.0659,0.0636,0.0647,0.0679,0.064,0.065,0.0633,0.0634,0.0634,0.0644,0.0655,0.067,0.0658,0.0655,0.0618,0.0641,0.0629,0.0644,0.065,0.0653,0.0678,0.0656,0.0641,0.0652,2.125122033522834e-07
1,3.4571,3.1985,3.4926,3.4991,3.8102,3.5378,3.2266,3.8211,3.8542,3.5485,3.4005,3.5599,3.5946,3.3818,3.9506,3.7829,4.0,3.8914,4.0,3.8726,3.5939,4.0,4.0,3.8157,4.0,3.5399,3.3603,2.783,2.3727,2.0714,1.9454,1.8995,1.878,1.8721,1.8624,1.8339,1.8284,1.8134,1.7352,1.6503,1.5511,1.4725,1.4081,1.3713,1.3602,1.3597,1.3663,1.3739,1.3861,1.3982,1.408,1.4204,1.4353,1.4501,1.4694,1.4926,1.5223,1.5485,1.571,1.5981,1.6152,1.6292,1.6363,1.643,1.6378,1.622,1.6078,1.587,1.5578,1.5202,1.4757,1.4335,1.3839,1.328,1.2752,1.2086,1.1469,1.0866,1.017,0.9569,0.8947,0.8401,0.7828,0.7267,0.6724,0.6234,0.567,0.527,0.4875,0.4539,0.4247,0.3919,0.3682,0.3451,0.3247,0.3076,0.2926,0.2794,0.2691,0.2595,0.2509,0.2438,0.238,0.2336,0.2284,0.2243,0.2211,0.2179,0.2141,0.2118,0.2099,0.2068,0.2054,0.2039,0.2015,0.1997,0.1977,0.1961,0.1943,0.1921,0.191,0.189,0.1874,0.1864,0.1855,0.1834,0.1819,0.181,0.1795,0.1778,0.1768,0.1755,0.1746,0.173,0.1719,0.1707,0.1693,0.1684,0.1667,0.1656,0.1644,0.1636,0.1627,0.1616,0.161,0.1602,0.1591,0.1578,0.157,0.1552,0.155,0.1539,0.1527,0.152,0.1511,0.1504,0.1491,0.1485,0.1476,0.1471,0.1462,0.1449,0.1433,0.1434,0.1423,0.1423,0.1412,0.1405,0.1393,0.1385,0.1376,0.1374,0.1367,0.1358,0.1347,0.1343,0.1335,0.1325,0.1321,0.1314,0.1308,0.1307,0.1296,0.1289,0.1278,0.1274,0.1267,0.1262,0.1259,0.1251,0.1237,0.1232,0.123,0.1224,0.1218,0.1208,0.1204,0.1203,0.1197,0.1193,0.1188,0.1191,0.1182,0.1171,0.1164,0.1167,0.1157,0.1157,0.1149,0.1153,0.114,0.113,0.1134,0.1122,0.1122,0.112,0.1111,0.1111,0.1098,0.1092,0.1086,0.1086,0.1081,0.1082,0.1067,0.1059,0.106,0.1062,0.1047,0.1045,0.104,0.1033,0.1027,0.1025,0.1025,0.1014,0.1012,0.101,0.1004,0.1006,0.0994,0.0997,0.0997,0.0984,0.0991,0.0987,0.0979,0.0976,0.0961,0.0969,0.0961,0.0971,0.095,0.0943,0.0951,0.0949,0.0939,0.0934,0.0936,0.0928,0.0925,0.0929,0.0926,0.092,0.0913,0.0916,0.0909,0.0913,0.0911,0.0903,0.091,0.0905,0.09,0.0895,0.0894,0.0893,0.0885,0.0886,0.0874,0.0875,0.0876,0.087,0.0865,0.0853,0.086,0.0862,0.0858,0.086,0.0838,0.0857,0.0843,0.0832,0.0826,0.0826,0.084,0.082,0.0829,0.0813,0.0816,0.0829,0.0808,0.0814,0.0811,0.0805,0.0792,0.0802,0.0803,0.0802,0.0785,0.0783,0.0794,0.0789,0.0791,0.0789,0.0786,0.0786,0.0779,0.0787,0.0777,0.0769,0.0783,0.0775,0.0762,0.0763,0.077,0.0752,0.0755,0.0769,0.0735,0.0765,0.0754,0.0743,0.0741,0.0733,0.075,0.0758,0.0756,0.0747,0.0745,0.0751,0.0747,0.0756,0.0764,0.0759,0.0764,0.0772,0.0784,0.0779,0.0786,0.0793,0.0799,0.0805,0.082,0.083,0.0833,0.0846,0.0855,0.0842,0.088,0.086,0.0853,0.0849,0.0845,0.0838,0.0823,0.0786,0.0834,0.0793,0.0784,0.0787,0.0779,0.0766,0.0762,0.0753,0.0755,0.0721,0.0731,0.0708,0.0704,0.07,0.0728,0.0699,0.0702,0.0689,0.0717,0.0703,0.0716,0.0699,0.0727,0.0691,0.0691,0.0689,0.0705,0.0676,0.0728,0.0723,0.0711,0.0719,0.0712,0.0713,0.0714,1.062561016761417e-07
1,3.4576,3.1029,3.5172,3.4927,3.5145,3.5372,3.2301,3.8332,3.8534,3.558,3.2762,3.566,3.89,3.5644,3.9548,3.4896,4.0,3.8854,4.0,3.8783,3.8819,4.0,3.8937,4.0,4.0,3.8377,3.1367,2.6145,2.1683,1.8931,1.7581,1.7033,1.6748,1.6633,1.6367,1.594,1.5778,1.5447,1.4525,1.3595,1.2453,1.1541,1.0788,1.0361,1.0146,0.9982,0.9907,0.9857,0.9853,0.9866,0.9846,0.984,0.9843,0.9882,0.9944,1.0052,1.017,1.0279,1.0398,1.0482,1.058,1.0624,1.0661,1.0664,1.0623,1.0526,1.0418,1.0288,1.0125,0.9873,0.9647,0.9369,0.9089,0.8781,0.8449,0.8087,0.7705,0.7354,0.692,0.6597,0.6227,0.5925,0.5582,0.5251,0.4918,0.4622,0.4301,0.4047,0.3809,0.3596,0.3404,0.3217,0.3059,0.2911,0.2783,0.2667,0.2576,0.2491,0.2418,0.2351,0.2295,0.224,0.2199,0.2167,0.2127,0.2098,0.2071,0.2043,0.2017,0.1991,0.197,0.1946,0.193,0.1914,0.1895,0.1873,0.1851,0.1837,0.1824,0.1808,0.1791,0.1775,0.1762,0.1751,0.1731,0.1718,0.1709,0.169,0.1679,0.1667,0.1659,0.1643,0.1636,0.1622,0.1605,0.1588,0.1576,0.1572,0.1557,0.1547,0.1532,0.152,0.1507,0.1502,0.1496,0.1488,0.1468,0.1463,0.1457,0.1443,0.1437,0.1426,0.1412,0.141,0.1399,0.139,0.1377,0.1373,0.1363,0.136,0.1352,0.1342,0.133,0.1327,0.1314,0.1311,0.1302,0.1295,0.1288,0.1282,0.127,0.1267,0.1259,0.1252,0.1243,0.1242,0.1225,0.1222,0.1217,0.1204,0.1201,0.1203,0.1187,0.1181,0.1176,0.1167,0.1161,0.1152,0.115,0.1148,0.1134,0.1134,0.1124,0.1119,0.1114,0.1103,0.1108,0.1093,0.1096,0.109,0.108,0.1085,0.1075,0.1066,0.1067,0.106,0.1052,0.1048,0.1042,0.1042,0.1035,0.1023,0.1027,0.1015,0.1012,0.1016,0.101,0.1007,0.0998,0.1001,0.0995,0.0992,0.099,0.0984,0.0978,0.097,0.0961,0.0966,0.0962,0.0943,0.0946,0.0942,0.0938,0.0937,0.094,0.0924,0.092,0.0917,0.0912,0.0916,0.0907,0.0907,0.0901,0.089,0.0898,0.0892,0.0888,0.0886,0.0867,0.0872,0.0874,0.0877,0.0868,0.086,0.0861,0.0858,0.0854,0.0841,0.0851,0.0847,0.0837,0.0839,0.0838,0.0834,0.0828,0.0828,0.0826,0.0822,0.0824,0.0825,0.0829,0.082,0.0812,0.0815,0.081,0.0809,0.0808,0.0795,0.0805,0.0796,0.0796,0.0789,0.079,0.0782,0.0784,0.0781,0.0779,0.0775,0.0766,0.077,0.0773,0.0756,0.0752,0.0761,0.0754,0.0754,0.0755,0.0748,0.0749,0.0753,0.0742,0.0739,0.0735,0.0737,0.0722,0.0741,0.0729,0.0745,0.0715,0.072,0.0732,0.0728,0.0721,0.0723,0.0717,0.0716,0.0714,0.0717,0.0708,0.0705,0.0708,0.0707,0.0696,0.0689,0.0694,0.0696,0.0709,0.0688,0.0675,0.0693,0.0688,0.0673,0.0666,0.0664,0.0676,0.0676,0.0678,0.0674,0.0691,0.0686,0.069,0.0693,0.0692,0.069,0.0697,0.0705,0.0705,0.0709,0.0724,0.072,0.0729,0.0742,0.0752,0.0764,0.0761,0.0774,0.0784,0.0795,0.0814,0.0789,0.0775,0.0795,0.0776,0.0767,0.0753,0.0711,0.0742,0.0718,0.0712,0.0717,0.0713,0.0685,0.0667,0.0685,0.0685,0.0651,0.0661,0.0635,0.0627,0.0635,0.0651,0.06,0.0625,0.0627,0.0632,0.064,0.0612,0.0615,0.064,0.0599,0.0614,0.0597,0.0614,0.0582,0.0623,0.0627,0.0646,0.0631,0.0634,0.0625,0.0612,5.312805083807085e-08
1,3.4563,3.1115,3.5352,3.3161,3.8081,3.8367,3.1382,3.2194,3.8676,3.2413,3.2767,3.4014,3.5779,3.5453,3.9526,3.4815,3.8922,3.5898,3.8326,3.5804,3.588,4.0,4.0,3.81,4.0,3.5391,3.1375,2.4618,1.9973,1.7262,1.6054,1.5485,1.517,1.4984,1.4651,1.4153,1.3893,1.3447,1.2569,1.1589,1.0219,0.9199,0.8389,0.7862,0.7562,0.7295,0.7087,0.6935,0.6846,0.6744,0.6621,0.6505,0.6426,0.6361,0.6343,0.6302,0.63,0.6278,0.6267,0.6275,0.6257,0.6244,0.621,0.6188,0.6146,0.6093,0.6034,0.5938,0.5865,0.5749,0.5624,0.5511,0.5393,0.5243,0.5115,0.4986,0.4806,0.4641,0.446,0.4325,0.4174,0.4036,0.3887,0.3744,0.3588,0.3453,0.3316,0.3205,0.309,0.2989,0.2889,0.2796,0.2718,0.2641,0.2575,0.2513,0.2459,0.2405,0.2367,0.2326,0.2284,0.2248,0.222,0.2195,0.2163,0.2138,0.2116,0.2089,0.2068,0.2043,0.2021,0.2003,0.199,0.197,0.195,0.1932,0.1914,0.1895,0.1884,0.1865,0.1848,0.1832,0.1819,0.1805,0.1787,0.1772,0.1755,0.1743,0.1732,0.1719,0.1704,0.1695,0.1684,0.1668,0.1656,0.1642,0.1629,0.1618,0.1606,0.1593,0.1581,0.1567,0.1555,0.155,0.1539,0.1533,0.1521,0.1508,0.1502,0.1486,0.1476,0.1468,0.1458,0.1448,0.1441,0.1428,0.1419,0.1409,0.1398,0.1394,0.1386,0.138,0.1367,0.1361,0.135,0.1342,0.1335,0.1325,0.1319,0.1312,0.1302,0.1298,0.129,0.1286,0.1275,0.1275,0.1258,0.1256,0.1248,0.1239,0.1232,0.1234,0.1216,0.1211,0.1204,0.1202,0.1195,0.1188,0.1181,0.1173,0.1169,0.116,0.1155,0.115,0.1144,0.1136,0.1137,0.112,0.1125,0.1118,0.1111,0.1113,0.1107,0.1098,0.1088,0.1078,0.108,0.108,0.1075,0.1068,0.1057,0.105,0.1049,0.1043,0.1042,0.1041,0.1034,0.103,0.1022,0.1019,0.1018,0.1013,0.1009,0.1002,0.0987,0.0993,0.0984,0.0988,0.0974,0.0968,0.0968,0.0953,0.0957,0.0956,0.0954,0.0934,0.0938,0.0942,0.0936,0.0932,0.0926,0.0923,0.0919,0.0912,0.0916,0.092,0.0902,0.0901,0.0892,0.0894,0.0892,0.0892,0.0881,0.0875,0.0883,0.0876,0.086,0.0858,0.086,0.0858,0.0853,0.0855,0.0854,0.085,0.0846,0.0846,0.0842,0.0846,0.0841,0.084,0.0842,0.0832,0.0826,0.0831,0.0827,0.0821,0.0815,0.0814,0.0813,0.0812,0.0813,0.0802,0.0795,0.079,0.0795,0.0797,0.0783,0.0794,0.0778,0.078,0.0777,0.0764,0.0759,0.0774,0.0767,0.0761,0.0767,0.0754,0.0754,0.0759,0.0747,0.0762,0.0734,0.0745,0.0742,0.0741,0.0744,0.0745,0.0728,0.0728,0.0743,0.0733,0.0732,0.073,0.0727,0.0727,0.0729,0.0731,0.0719,0.0717,0.0727,0.0716,0.0718,0.0714,0.0717,0.0699,0.0714,0.0725,0.0697,0.0711,0.0682,0.0685,0.0689,0.0684,0.0704,0.0697,0.0697,0.0697,0.0706,0.0699,0.0704,0.0708,0.0713,0.071,0.0721,0.0723,0.0727,0.0724,0.0737,0.0736,0.074,0.0755,0.077,0.0779,0.0778,0.079,0.081,0.0811,0.0829,0.0815,0.0808,0.0799,0.0797,0.0784,0.077,0.0732,0.0776,0.0759,0.0726,0.0735,0.0726,0.0709,0.0694,0.0708,0.0708,0.066,0.0668,0.0652,0.063,0.0626,0.0657,0.0657,0.0657,0.066,0.0642,0.0649,0.0643,0.0632,0.0653,0.0617,0.0636,0.0608,0.0634,0.061,0.0628,0.0642,0.0627,0.064,0.0634,0.0637,0.0622,2.6564025419035425e-08
1,3.2899,3.0977,3.3537,3.3251,3.5012,3.5414,3.362,3.5339,3.3909,3.5664,3.2985,3.4116,3.9131,3.5645,3.9634,3.3276,4.0,3.9138,4.0,3.616,3.9281,4.0,3.9287,4.0,4.0,3.582,3.1802,2.484,2.0279,1.7575,1.6397,1.5805,1.5489,1.5288,1.4925,1.4427,1.4146,1.3725,1.2831,1.1643,1.0481,0.9418,0.8631,0.8106,0.7777,0.7497,0.7296,0.7127,0.701,0.6907,0.6775,0.6653,0.6553,0.6468,0.6411,0.6367,0.6344,0.6323,0.6304,0.6278,0.6251,0.6223,0.6192,0.6154,0.6102,0.6041,0.5974,0.59,0.5827,0.5719,0.5614,0.5504,0.5393,0.5265,0.5139,0.5003,0.4868,0.4724,0.4574,0.4441,0.4299,0.4176,0.4062,0.3921,0.3793,0.3671,0.3537,0.3436,0.3328,0.3241,0.3154,0.3065,0.2988,0.2915,0.2847,0.2789,0.2736,0.2685,0.2645,0.2602,0.2561,0.2521,0.249,0.2466,0.2431,0.2405,0.2382,0.2352,0.2325,0.2299,0.2278,0.2253,0.2238,0.2221,0.2199,0.2175,0.2151,0.2133,0.2113,0.2094,0.2075,0.2059,0.2041,0.2024,0.2007,0.199,0.1973,0.1961,0.1945,0.1929,0.1912,0.1899,0.1888,0.1871,0.1856,0.1839,0.1827,0.1812,0.1797,0.1788,0.1774,0.176,0.1747,0.1738,0.1728,0.1721,0.1703,0.1691,0.1682,0.1663,0.1655,0.1645,0.1632,0.1623,0.1611,0.1601,0.159,0.158,0.1572,0.1559,0.1556,0.1542,0.1528,0.1521,0.1513,0.1507,0.1494,0.1489,0.1478,0.1468,0.1459,0.1453,0.1446,0.1435,0.1429,0.1425,0.1405,0.1399,0.1393,0.1386,0.1379,0.1376,0.136,0.1354,0.1344,0.1339,0.133,0.1325,0.1313,0.1309,0.1303,0.1289,0.1284,0.1283,0.1274,0.1264,0.1256,0.1254,0.1243,0.124,0.1232,0.1233,0.1223,0.1213,0.1204,0.1199,0.1197,0.1191,0.1177,0.1177,0.1169,0.1159,0.1161,0.1149,0.1144,0.1143,0.1133,0.1134,0.1118,0.1123,0.1116,0.1114,0.1105,0.1094,0.1092,0.1083,0.1079,0.1083,0.1072,0.1059,0.1061,0.105,0.1043,0.1042,0.1049,0.1034,0.1025,0.1023,0.1015,0.1017,0.1011,0.1011,0.1015,0.0998,0.0998,0.0996,0.0989,0.0984,0.0971,0.0974,0.0969,0.0978,0.0957,0.0951,0.0955,0.0959,0.0944,0.0944,0.0942,0.0934,0.093,0.0934,0.093,0.0923,0.0923,0.0921,0.0923,0.0915,0.0915,0.0908,0.0917,0.0901,0.0902,0.0902,0.0897,0.0895,0.0887,0.0884,0.0877,0.0873,0.0871,0.0876,0.0867,0.0853,0.0856,0.0854,0.0866,0.0849,0.0839,0.0844,0.0837,0.0828,0.0817,0.0826,0.0829,0.0819,0.0833,0.0816,0.0817,0.083,0.0817,0.0818,0.0802,0.0804,0.0803,0.0799,0.0792,0.08,0.0781,0.0783,0.0795,0.0784,0.0786,0.0786,0.0787,0.0782,0.0777,0.0778,0.0773,0.0772,0.0765,0.0765,0.0753,0.0776,0.0769,0.0751,0.0744,0.0756,0.073,0.0746,0.0745,0.0727,0.075,0.0741,0.0745,0.0747,0.0744,0.074,0.0752,0.0745,0.0755,0.0742,0.0756,0.0751,0.076,0.0762,0.0774,0.0764,0.0785,0.0777,0.0788,0.0797,0.0809,0.0814,0.0821,0.0824,0.085,0.0859,0.0863,0.0851,0.0842,0.0845,0.0836,0.0825,0.0807,0.0785,0.0807,0.0783,0.0776,0.0765,0.0768,0.0753,0.0745,0.0742,0.0745,0.0696,0.0716,0.0689,0.0683,0.0681,0.0708,0.0674,0.0702,0.0672,0.0691,0.0691,0.0685,0.0672,0.0683,0.0691,0.0679,0.0661,0.068,0.0663,0.0693,0.066,0.068,0.0684,0.0674,0.0669,0.0678,1.3282012709517712e-08
1,3.4639,3.1953,3.5239,3.4995,3.3406,3.5409,3.221,3.3571,3.5635,3.8593,3.4115,3.395,4.0,3.3929,3.9482,3.5045,3.9115,3.6079,3.8709,3.9061,3.8968,4.0,3.9141,3.8467,4.0,3.5747,3.2674,2.5996,2.049,1.768,1.6347,1.5739,1.5301,1.5034,1.4648,1.412,1.3794,1.3384,1.2377,1.1215,0.9921,0.8866,0.8038,0.749,0.714,0.6837,0.659,0.6394,0.6252,0.6119,0.5968,0.5799,0.5675,0.5575,0.5484,0.5417,0.5363,0.5316,0.5264,0.523,0.5175,0.514,0.5097,0.5054,0.5007,0.494,0.4888,0.4829,0.4771,0.4698,0.4623,0.4544,0.4463,0.4377,0.4297,0.4197,0.4107,0.4012,0.3908,0.3819,0.3724,0.3641,0.3553,0.3465,0.3368,0.3273,0.3185,0.3115,0.3031,0.2966,0.2896,0.2829,0.2771,0.2713,0.2656,0.261,0.2566,0.2525,0.249,0.245,0.2417,0.2384,0.2358,0.2332,0.2301,0.2277,0.2256,0.2229,0.2205,0.2178,0.216,0.2137,0.212,0.21,0.2082,0.206,0.2041,0.2021,0.2003,0.1987,0.1969,0.1949,0.1937,0.1923,0.1907,0.1887,0.1868,0.1857,0.1843,0.1828,0.1815,0.1804,0.1793,0.1773,0.1765,0.1748,0.1737,0.1721,0.1709,0.1699,0.1683,0.167,0.1659,0.1651,0.1638,0.1629,0.162,0.1604,0.1597,0.1579,0.1572,0.1558,0.155,0.1538,0.1526,0.1518,0.1505,0.1499,0.149,0.1482,0.1474,0.1462,0.1447,0.1444,0.1432,0.1427,0.1419,0.1415,0.1402,0.1392,0.1381,0.1377,0.1371,0.1367,0.1355,0.1352,0.1336,0.1331,0.1323,0.1317,0.1308,0.1305,0.1302,0.1286,0.1281,0.127,0.1266,0.1262,0.1252,0.125,0.1238,0.1232,0.1225,0.1218,0.1217,0.1203,0.12,0.1192,0.1184,0.1185,0.1176,0.1176,0.1167,0.1156,0.1151,0.1146,0.1139,0.1134,0.1128,0.1122,0.1121,0.1108,0.1111,0.1094,0.11,0.1096,0.1089,0.1088,0.1071,0.1065,0.1068,0.1064,0.1053,0.1058,0.1048,0.1042,0.1029,0.1035,0.103,0.1016,0.1019,0.1004,0.1009,0.1005,0.1001,0.0992,0.099,0.0984,0.0983,0.0982,0.0974,0.0973,0.0972,0.0959,0.0965,0.0962,0.096,0.0946,0.0931,0.0938,0.094,0.0939,0.0925,0.0927,0.0936,0.0928,0.0926,0.0911,0.0918,0.0909,0.0907,0.0904,0.0909,0.0896,0.09,0.0902,0.0896,0.0892,0.089,0.0889,0.0889,0.0881,0.0876,0.0876,0.0869,0.0872,0.0872,0.0853,0.0865,0.0852,0.0857,0.0851,0.0844,0.0839,0.0843,0.0846,0.0835,0.0832,0.0819,0.0835,0.0825,0.0814,0.0808,0.0811,0.0814,0.0807,0.0809,0.0799,0.0794,0.0796,0.0788,0.0792,0.0782,0.0786,0.0774,0.0781,0.0775,0.0778,0.0768,0.0765,0.0777,0.0769,0.0767,0.0765,0.0766,0.076,0.0756,0.0767,0.0756,0.0747,0.0753,0.0747,0.0736,0.0735,0.0743,0.0734,0.0728,0.0744,0.071,0.0741,0.0734,0.0721,0.0722,0.0716,0.0723,0.0725,0.0722,0.0714,0.0729,0.0726,0.0728,0.0733,0.074,0.0733,0.0741,0.0746,0.0759,0.075,0.0768,0.0769,0.0773,0.0788,0.0797,0.0802,0.0811,0.0819,0.084,0.085,0.086,0.0841,0.0834,0.0828,0.0817,0.0807,0.0793,0.0758,0.0786,0.0772,0.0761,0.0763,0.0743,0.0728,0.0719,0.0722,0.0713,0.0666,0.0685,0.0658,0.0653,0.0653,0.0663,0.0656,0.0671,0.0643,0.0644,0.0676,0.0669,0.0641,0.0669,0.0652,0.0646,0.0627,0.0641,0.0626,0.0669,0.0649,0.0639,0.0644,0.0657,0.0643,0.0639,6.641006354758856e-09
2,3.4703,3.3188,3.5325,3.5079,3.3428,3.3667,3.2321,3.2312,3.3948,3.2558,3.4255,3.5906,3.4439,3.582,3.9842,3.8245,3.9232,3.9349,3.4225,3.9334,3.6457,3.8689,3.9548,3.5795,3.6003,3.3149,3.1343,2.4527,1.968,1.684,1.5582,1.495,1.4587,1.4304,1.3933,1.339,1.3078,1.2647,1.1626,1.0454,0.9204,0.8158,0.7407,0.6812,0.645,0.6131,0.5897,0.5689,0.5534,0.5381,0.5223,0.5042,0.4904,0.4775,0.4662,0.458,0.4483,0.4401,0.4331,0.4261,0.4191,0.4131,0.4074,0.4025,0.3977,0.392,0.3884,0.3838,0.3797,0.3756,0.3716,0.368,0.3635,0.3599,0.3565,0.3529,0.3493,0.3451,0.3412,0.3373,0.3328,0.3298,0.3266,0.3218,0.3171,0.3129,0.3076,0.3037,0.2992,0.2954,0.2912,0.287,0.2828,0.2788,0.2745,0.2714,0.2676,0.2642,0.2613,0.2584,0.2554,0.2524,0.2499,0.2475,0.2444,0.2422,0.2398,0.2371,0.2349,0.2325,0.2303,0.2279,0.2257,0.2243,0.2222,0.2196,0.2179,0.2155,0.2137,0.2117,0.2098,0.2084,0.2067,0.2043,0.2029,0.2013,0.2002,0.1985,0.1966,0.1951,0.194,0.1926,0.1913,0.189,0.1877,0.1866,0.1848,0.1838,0.1821,0.1804,0.1795,0.178,0.1768,0.1756,0.1747,0.1736,0.1723,0.1712,0.1703,0.1689,0.1676,0.1664,0.1653,0.1643,0.1632,0.162,0.1611,0.1596,0.1586,0.1573,0.1569,0.1559,0.1544,0.1536,0.1525,0.152,0.151,0.1501,0.1491,0.1479,0.1468,0.1459,0.1457,0.144,0.1438,0.1432,0.1425,0.1413,0.1401,0.1394,0.1383,0.1376,0.1363,0.1359,0.135,0.1344,0.134,0.133,0.1327,0.1317,0.131,0.1307,0.1292,0.1284,0.1277,0.1277,0.1269,0.1256,0.125,0.1245,0.1246,0.1232,0.1235,0.1222,0.1212,0.1208,0.1201,0.1202,0.1187,0.1184,0.1176,0.117,0.1166,0.1153,0.1151,0.1151,0.1144,0.1138,0.1131,0.1125,0.1129,0.1118,0.1115,0.1105,0.1098,0.1094,0.1087,0.1085,0.1077,0.1067,0.1071,0.1062,0.1065,0.1049,0.1048,0.1044,0.1037,0.1032,0.1036,0.1031,0.1029,0.1022,0.101,0.1004,0.0999,0.0993,0.1,0.0994,0.099,0.0991,0.0986,0.0979,0.0975,0.0968,0.0966,0.0962,0.0957,0.0956,0.0955,0.0951,0.0947,0.0937,0.094,0.0936,0.0947,0.0929,0.0925,0.0925,0.0926,0.0914,0.0926,0.0909,0.0915,0.0913,0.091,0.0908,0.0908,0.0892,0.0893,0.089,0.0887,0.088,0.0876,0.0868,0.0868,0.0868,0.0868,0.0859,0.0859,0.0854,0.085,0.0842,0.0838,0.0832,0.084,0.0834,0.0837,0.0835,0.0846,0.0824,0.0809,0.0822,0.0814,0.0817,0.0833,0.0804,0.0811,0.081,0.08,0.0799,0.0795,0.08,0.0798,0.0793,0.0795,0.079,0.0791,0.0787,0.0785,0.0779,0.0777,0.0777,0.0774,0.0767,0.0778,0.0762,0.0768,0.076,0.076,0.0754,0.076,0.0758,0.076,0.0745,0.0759,0.077,0.0758,0.0757,0.0747,0.0756,0.0766,0.0762,0.0768,0.0759,0.0761,0.0768,0.0777,0.0788,0.0788,0.08,0.0805,0.0812,0.0824,0.083,0.083,0.0834,0.0842,0.0872,0.0858,0.0857,0.086,0.0841,0.0849,0.085,0.0828,0.0833,0.081,0.0791,0.0784,0.079,0.0763,0.0767,0.0764,0.0741,0.0737,0.0745,0.0716,0.0735,0.0718,0.0726,0.0697,0.0684,0.0669,0.0689,0.0658,0.0677,0.0678,0.068,0.0663,0.0667,0.0687,0.0675,0.0686,0.0682,0.0667,0.069,0.0679,0.0689,0.0705,0.068,0.0703,0.0
2,3.4578,3.5035,3.5307,3.3222,3.508,3.5366,3.5279,3.5235,3.3857,3.8571,3.5876,3.8608,3.902,4.0,4.0,4.0,4.0,3.9022,3.5541,3.5872,4.0,3.8166,4.0,3.8205,3.8506,3.8547,3.856,3.2843,3.1566,2.7487,2.6176,2.538,2.5008,2.507,2.5336,2.5305,2.5637,2.5886,2.5434,2.4756,2.4275,2.3857,2.3322,2.3238,2.3468,2.3998,2.4238,2.4807,2.5261,2.5719,2.6028,2.6769,2.7018,2.7271,2.8116,2.8785,2.9547,2.9991,3.0658,3.0492,3.1474,3.1489,3.2088,3.2126,3.1564,3.1127,3.2411,3.151,3.0889,3.0199,2.9756,2.9513,2.8363,2.7399,2.6042,2.4858,2.3464,2.2172,2.0655,1.9287,1.7882,1.6666,1.5259,1.3969,1.268,1.1489,1.0227,0.9254,0.8334,0.7546,0.6797,0.6079,0.5505,0.4937,0.4475,0.4108,0.3719,0.3436,0.3196,0.299,0.2801,0.2649,0.253,0.2438,0.2341,0.2275,0.2215,0.2157,0.2117,0.2079,0.2045,0.2016,0.1991,0.1972,0.1948,0.1927,0.1907,0.1883,0.1868,0.1854,0.1833,0.1816,0.1801,0.1787,0.1772,0.176,0.1747,0.1737,0.172,0.1702,0.1692,0.1683,0.167,0.1651,0.1638,0.1633,0.1613,0.1608,0.1589,0.1582,0.1568,0.1558,0.1548,0.1538,0.1532,0.1518,0.1508,0.15,0.1493,0.1481,0.1468,0.1462,0.1448,0.1445,0.1434,0.1425,0.1417,0.1405,0.1396,0.1385,0.1381,0.1369,0.1361,0.1349,0.1345,0.1338,0.133,0.1326,0.1313,0.1306,0.1301,0.129,0.1282,0.1273,0.127,0.1265,0.1261,0.1246,0.1239,0.1231,0.1227,0.1216,0.1207,0.1205,0.1197,0.1191,0.1182,0.1178,0.1173,0.1164,0.1163,0.1157,0.1149,0.114,0.1142,0.1134,0.113,0.1124,0.1116,0.1109,0.1106,0.1097,0.1104,0.1086,0.108,0.1081,0.1079,0.1077,0.1059,0.1065,0.1058,0.1053,0.1045,0.1036,0.1039,0.1034,0.103,0.102,0.1017,0.1016,0.1002,0.1008,0.1001,0.0992,0.0991,0.0984,0.0983,0.0976,0.0967,0.0968,0.0965,0.0963,0.0958,0.0945,0.0944,0.0939,0.0935,0.0935,0.0926,0.0926,0.0924,0.0912,0.0914,0.09,0.0898,0.0897,0.0905,0.09,0.0888,0.0893,0.0885,0.0884,0.0873,0.0873,0.087,0.0877,0.0869,0.086,0.0861,0.0856,0.0852,0.085,0.0847,0.0845,0.0849,0.0843,0.084,0.084,0.0842,0.0833,0.0844,0.0839,0.0842,0.0828,0.0824,0.0825,0.0817,0.0816,0.0815,0.0811,0.0804,0.0809,0.0803,0.0795,0.079,0.0796,0.0785,0.078,0.0777,0.0773,0.078,0.0768,0.0764,0.076,0.0767,0.0764,0.0769,0.0754,0.0762,0.0752,0.0737,0.0743,0.0744,0.0744,0.0754,0.0741,0.0739,0.0741,0.0728,0.0738,0.0725,0.0733,0.0728,0.0729,0.072,0.0725,0.0724,0.0716,0.0723,0.0713,0.0697,0.0711,0.0717,0.0704,0.0726,0.0698,0.0698,0.07,0.0697,0.0698,0.0701,0.0697,0.0689,0.07,0.0685,0.07,0.0707,0.0704,0.069,0.0694,0.0704,0.0712,0.0701,0.07,0.0715,0.0712,0.0715,0.072,0.0734,0.0743,0.0742,0.0746,0.076,0.0775,0.0779,0.0791,0.08,0.0818,0.0815,0.0799,0.0803,0.0787,0.0787,0.079,0.0779,0.0771,0.0753,0.0754,0.0715,0.0736,0.0716,0.0716,0.0716,0.0688,0.0684,0.0681,0.0653,0.0667,0.0659,0.067,0.064,0.0646,0.0603,0.0636,0.0623,0.0626,0.0621,0.0624,0.0625,0.0612,0.0615,0.0623,0.0631,0.0642,0.0626,0.063,0.0637,0.064,0.0645,0.0647,0.0654,1.8031338466254345e-07
2,3.4607,3.5051,3.5279,3.486,3.8086,3.8332,3.525,3.35,3.5399,3.5498,3.4054,3.8662,3.6001,3.8671,4.0,4.0,4.0,3.5936,3.5503,3.5832,3.599,3.8101,4.0,3.8156,3.543,3.5513,3.5434,3.2782,2.7351,2.3857,2.2367,2.1633,2.1319,2.1447,2.135,2.1182,2.1338,2.1225,2.0656,1.9909,1.9048,1.8401,1.7847,1.7578,1.761,1.7795,1.801,1.823,1.8506,1.8816,1.9046,1.933,1.9643,1.9827,2.0235,2.0717,2.1202,2.1637,2.2085,2.2545,2.2989,2.3243,2.3442,2.351,2.3489,2.3403,2.3269,2.3235,2.28,2.2233,2.1625,2.1005,2.0403,1.955,1.8721,1.7802,1.6881,1.5941,1.4854,1.3948,1.2932,1.2135,1.1305,1.0284,0.9424,0.8611,0.7747,0.7071,0.6417,0.5872,0.5366,0.4895,0.4449,0.4074,0.3748,0.3472,0.3234,0.302,0.285,0.2694,0.2559,0.2448,0.2362,0.2294,0.2223,0.2169,0.2122,0.208,0.2045,0.2013,0.1983,0.1957,0.1933,0.1918,0.1891,0.1875,0.1858,0.183,0.1819,0.18,0.1785,0.177,0.1759,0.1737,0.1726,0.1714,0.1704,0.1689,0.1672,0.166,0.1652,0.164,0.1629,0.1613,0.1599,0.1591,0.1576,0.157,0.1554,0.1539,0.153,0.1512,0.1506,0.1498,0.1496,0.1482,0.1463,0.146,0.1453,0.1439,0.1428,0.1424,0.1409,0.1402,0.1399,0.1387,0.1382,0.1369,0.136,0.1348,0.1347,0.1338,0.1329,0.1322,0.1313,0.1307,0.1301,0.1291,0.1286,0.1275,0.1268,0.126,0.1257,0.1242,0.1247,0.1235,0.1229,0.1217,0.1211,0.1208,0.1201,0.1185,0.1183,0.1176,0.1168,0.1162,0.1156,0.1148,0.1145,0.1136,0.1137,0.1131,0.1123,0.111,0.111,0.1104,0.1104,0.1089,0.1087,0.1084,0.1081,0.1071,0.1077,0.106,0.1057,0.1053,0.105,0.1054,0.104,0.1039,0.103,0.1032,0.102,0.1016,0.1014,0.1014,0.1007,0.1001,0.0998,0.0991,0.0988,0.0982,0.0977,0.0978,0.097,0.0968,0.0961,0.096,0.0954,0.095,0.0946,0.0943,0.0935,0.0929,0.093,0.0918,0.092,0.091,0.0911,0.0911,0.0906,0.0895,0.0899,0.0888,0.0881,0.0876,0.0884,0.0877,0.0873,0.0881,0.0865,0.0867,0.0858,0.0861,0.0852,0.0855,0.085,0.0841,0.0843,0.0839,0.0838,0.0829,0.0838,0.0825,0.083,0.0826,0.0826,0.0817,0.0823,0.0818,0.0824,0.0816,0.0818,0.0812,0.0819,0.0808,0.0809,0.0798,0.079,0.0797,0.0799,0.0792,0.0782,0.0782,0.0782,0.0781,0.0775,0.0776,0.0772,0.0774,0.0771,0.0774,0.0764,0.0756,0.0763,0.0748,0.0757,0.0748,0.0752,0.0757,0.0739,0.0738,0.0742,0.0735,0.0746,0.074,0.073,0.0735,0.073,0.0734,0.0725,0.0722,0.072,0.0724,0.0716,0.0714,0.0718,0.071,0.0711,0.0711,0.07,0.0704,0.0699,0.0688,0.0692,0.0685,0.0691,0.0709,0.0702,0.0684,0.0694,0.0697,0.0684,0.0679,0.0671,0.0684,0.0688,0.0683,0.0669,0.0686,0.0701,0.0693,0.0688,0.069,0.0695,0.071,0.0708,0.0716,0.0726,0.0733,0.0733,0.0746,0.0755,0.0763,0.0764,0.0785,0.0788,0.0824,0.08,0.0793,0.0796,0.0783,0.0787,0.0784,0.0797,0.0755,0.0744,0.0729,0.0735,0.0718,0.069,0.0697,0.069,0.0665,0.0671,0.0663,0.0645,0.0671,0.0635,0.0648,0.0634,0.0634,0.0621,0.0619,0.0575,0.0627,0.0625,0.0603,0.0598,0.0611,0.0617,0.061,0.0619,0.0613,0.0616,0.0614,0.0631,0.0651,0.0641,0.0626,0.0638,9.015669233127173e-08
2,3.4615,3.3145,3.5239,3.7963,3.3372,3.5371,3.5334,3.3475,3.3853,3.8523,3.5848,3.4038,3.6,4.0,4.0,4.0,4.0,3.5873,3.5495,3.8841,3.5945,3.5137,3.9032,3.8174,3.5462,3.546,3.3798,2.7676,2.2734,1.9729,1.8432,1.7805,1.7573,1.7449,1.7289,1.6955,1.6841,1.6539,1.5893,1.487,1.3844,1.2989,1.2307,1.1921,1.1752,1.1704,1.1715,1.1765,1.1827,1.1893,1.1948,1.2021,1.2091,1.2189,1.2331,1.2539,1.2752,1.2969,1.3146,1.3347,1.3529,1.3666,1.3751,1.3776,1.3786,1.3727,1.3609,1.3478,1.3273,1.3,1.2717,1.2319,1.1957,1.1511,1.1081,1.0612,1.0066,0.9597,0.9,0.8528,0.8021,0.7595,0.7119,0.6624,0.6144,0.572,0.5266,0.4929,0.4571,0.4272,0.398,0.3722,0.3489,0.3287,0.3091,0.2948,0.281,0.2695,0.2598,0.2503,0.2418,0.2356,0.23,0.2256,0.221,0.2171,0.2136,0.2104,0.2078,0.2053,0.2027,0.2001,0.1984,0.1967,0.1949,0.1925,0.1908,0.1888,0.1871,0.1855,0.1838,0.1821,0.1812,0.1789,0.1775,0.1764,0.1753,0.1733,0.1721,0.171,0.1697,0.1685,0.1669,0.1654,0.1646,0.1636,0.1619,0.1613,0.1594,0.1584,0.1569,0.1558,0.1551,0.1541,0.1535,0.152,0.1509,0.1499,0.1492,0.1479,0.147,0.1464,0.1451,0.1443,0.1431,0.1423,0.1416,0.1405,0.1394,0.1385,0.1379,0.1369,0.1358,0.1351,0.1339,0.1339,0.1327,0.1319,0.1315,0.1304,0.1298,0.1286,0.1285,0.1269,0.1265,0.1264,0.1257,0.1248,0.1239,0.1235,0.1227,0.1218,0.1207,0.1205,0.1197,0.1191,0.1182,0.118,0.1178,0.1164,0.1162,0.1155,0.1149,0.1142,0.1141,0.1133,0.1131,0.1119,0.1116,0.1111,0.1103,0.11,0.1108,0.1091,0.108,0.108,0.1077,0.1072,0.1061,0.1064,0.1052,0.105,0.104,0.103,0.1036,0.103,0.1025,0.1014,0.1019,0.101,0.1004,0.1004,0.1001,0.0998,0.0981,0.0981,0.0973,0.0974,0.0966,0.0968,0.0959,0.0962,0.0957,0.0945,0.0943,0.0938,0.0929,0.0943,0.0928,0.0923,0.0924,0.091,0.0908,0.0897,0.0896,0.0891,0.0896,0.0896,0.0891,0.0894,0.0887,0.0881,0.0869,0.0866,0.0862,0.0868,0.0863,0.0856,0.0862,0.085,0.0854,0.0845,0.0849,0.0848,0.0841,0.0838,0.0838,0.0839,0.083,0.0828,0.0835,0.0822,0.0829,0.0818,0.0821,0.0818,0.0821,0.0813,0.08,0.0801,0.0801,0.0807,0.0797,0.0794,0.0789,0.0789,0.0783,0.0774,0.0774,0.0772,0.0771,0.0768,0.0759,0.0755,0.0765,0.0754,0.0762,0.0771,0.0763,0.0756,0.0741,0.0743,0.074,0.0749,0.0752,0.0736,0.0746,0.0739,0.0734,0.0737,0.0721,0.0726,0.0726,0.0724,0.0724,0.0727,0.0733,0.0725,0.0714,0.072,0.0711,0.0712,0.0719,0.0706,0.0715,0.0696,0.0702,0.0701,0.071,0.0716,0.0708,0.0705,0.0713,0.0696,0.0702,0.0688,0.0704,0.0711,0.0689,0.0693,0.0712,0.0709,0.0713,0.0705,0.0705,0.0713,0.0715,0.0719,0.0733,0.0742,0.0741,0.0751,0.0761,0.0766,0.0769,0.0776,0.0793,0.0827,0.0812,0.0795,0.0792,0.0785,0.0785,0.0787,0.0766,0.0756,0.0752,0.0753,0.0734,0.0742,0.0717,0.07,0.0696,0.0694,0.0684,0.0677,0.0673,0.0667,0.0646,0.0671,0.065,0.063,0.0619,0.0618,0.0594,0.0616,0.0639,0.0635,0.0594,0.061,0.0626,0.0654,0.0625,0.0628,0.0626,0.064,0.0642,0.0608,0.0652,0.0632,0.064,4.507834616563586e-08
2,3.4757,3.2187,3.3533,3.3173,3.5228,3.3697,3.8431,3.3503,3.391,3.5688,3.3029,3.8977,3.6179,3.5689,4.0,4.0,3.9326,4.0,3.5913,4.0,3.6521,3.8797,3.6631,4.0,3.6053,3.4385,3.3205,2.7407,2.1946,1.8833,1.7306,1.6599,1.6249,1.6056,1.5727,1.5306,1.5028,1.4698,1.3863,1.2732,1.165,1.0568,0.9908,0.9424,0.9125,0.8932,0.8796,0.8701,0.8636,0.8577,0.8498,0.8427,0.8381,0.8358,0.8371,0.8402,0.8447,0.8499,0.8549,0.8603,0.8643,0.8669,0.8678,0.8675,0.8643,0.859,0.8523,0.8426,0.8317,0.8152,0.7998,0.7812,0.7621,0.7407,0.7188,0.6933,0.6674,0.642,0.612,0.5879,0.5623,0.5407,0.5168,0.4913,0.4667,0.4451,0.4218,0.4021,0.3845,0.3673,0.3524,0.3373,0.3244,0.3122,0.3017,0.2924,0.2846,0.277,0.2706,0.265,0.2591,0.2539,0.25,0.2465,0.2427,0.2395,0.2368,0.2333,0.2307,0.2281,0.226,0.2236,0.2213,0.2196,0.2169,0.2151,0.2126,0.2106,0.2088,0.2069,0.2052,0.2037,0.202,0.1998,0.1987,0.1971,0.195,0.1934,0.1919,0.1903,0.1891,0.187,0.1862,0.1845,0.1833,0.1816,0.1808,0.1788,0.1777,0.1761,0.1749,0.1736,0.1727,0.1717,0.1703,0.1689,0.1678,0.1668,0.1655,0.1639,0.1637,0.1623,0.1606,0.1594,0.1589,0.1577,0.1565,0.1559,0.1544,0.1535,0.1527,0.1518,0.1505,0.1498,0.1485,0.1482,0.147,0.1461,0.1453,0.1443,0.1432,0.1425,0.1417,0.1412,0.1399,0.1395,0.1383,0.1374,0.1365,0.136,0.1352,0.1346,0.1335,0.133,0.1319,0.1308,0.1306,0.1297,0.1293,0.1282,0.1284,0.1268,0.1263,0.1261,0.1249,0.1238,0.1233,0.1228,0.1217,0.1218,0.1213,0.1201,0.1198,0.1198,0.1187,0.1182,0.1173,0.1166,0.1166,0.116,0.1148,0.1144,0.114,0.1125,0.1133,0.1126,0.112,0.1114,0.1099,0.1097,0.1099,0.1093,0.1092,0.1077,0.1078,0.1073,0.1068,0.1053,0.1057,0.1053,0.1044,0.1047,0.104,0.1033,0.1024,0.102,0.1018,0.1023,0.1007,0.1004,0.1,0.1001,0.0994,0.0986,0.0986,0.0974,0.0974,0.0972,0.0967,0.0962,0.0951,0.0958,0.0948,0.0951,0.0949,0.0941,0.0935,0.0924,0.0931,0.0917,0.0918,0.0916,0.0921,0.0918,0.0918,0.0908,0.0907,0.0902,0.0894,0.0898,0.0895,0.0897,0.0891,0.0884,0.0881,0.0881,0.0873,0.0881,0.0872,0.0865,0.0868,0.0863,0.0847,0.0858,0.0859,0.0853,0.0852,0.0845,0.082,0.0823,0.0826,0.083,0.0811,0.0818,0.0817,0.0805,0.0807,0.0797,0.0791,0.0795,0.0792,0.0803,0.0789,0.0791,0.0788,0.079,0.0787,0.078,0.0776,0.0778,0.0768,0.0778,0.0769,0.0768,0.0765,0.0764,0.0764,0.0754,0.0763,0.076,0.0743,0.0741,0.0752,0.074,0.0754,0.0755,0.0741,0.0728,0.0744,0.0754,0.0735,0.074,0.0737,0.0734,0.0736,0.0731,0.0726,0.0722,0.0734,0.0736,0.0728,0.0745,0.0738,0.0731,0.0741,0.0742,0.0753,0.0757,0.0772,0.077,0.0776,0.0788,0.0801,0.0805,0.0806,0.0819,0.0832,0.0836,0.0846,0.0838,0.0832,0.0832,0.0816,0.0796,0.0791,0.0791,0.0771,0.0773,0.0766,0.0757,0.0738,0.0735,0.0724,0.0682,0.0701,0.0695,0.0683,0.066,0.0694,0.069,0.0639,0.0643,0.0663,0.0665,0.0642,0.0637,0.0661,0.0647,0.0647,0.0653,0.0636,0.0632,0.0634,0.0646,0.0649,0.0655,0.0638,0.0659,0.0648,0.0641,0.0666,2.253917308281793e-08
5,3.4706,3.0238,3.5378,3.4965,3.3376,3.3643,3.5451,3.8321,3.3919,3.2761,3.4182,3.269,3.3133,3.5808,3.6795,3.8237,3.6333,3.4505,3.5868,3.3263,3.937,3.5529,3.6485,3.8828,3.4222,3.3158,2.8635,2.2406,1.7964,1.512,1.3864,1.3115,1.2583,1.2197,1.1751,1.1236,1.097,1.0621,0.9817,0.8783,0.7676,0.6754,0.6092,0.5684,0.5442,0.5254,0.512,0.5022,0.4934,0.4865,0.4757,0.4623,0.4511,0.4394,0.4301,0.4207,0.4106,0.4024,0.3948,0.3879,0.3801,0.3745,0.3681,0.3637,0.3589,0.3533,0.3486,0.3445,0.3405,0.3356,0.3319,0.3275,0.3241,0.3203,0.317,0.3127,0.3093,0.3054,0.3019,0.2986,0.2954,0.2931,0.2905,0.2875,0.2843,0.2806,0.2769,0.2743,0.2717,0.2692,0.2666,0.264,0.2614,0.2586,0.2561,0.2539,0.2516,0.2492,0.247,0.2449,0.2424,0.2398,0.2382,0.2365,0.2341,0.232,0.2301,0.228,0.2259,0.2236,0.222,0.2206,0.2191,0.2174,0.2153,0.2136,0.212,0.2097,0.2079,0.2068,0.2046,0.2031,0.2025,0.2001,0.199,0.1975,0.1962,0.1944,0.1925,0.1914,0.1903,0.1887,0.1874,0.1855,0.1841,0.1833,0.182,0.1802,0.1791,0.1774,0.176,0.1755,0.1745,0.1731,0.1721,0.1708,0.17,0.1686,0.1674,0.1663,0.1658,0.1645,0.1636,0.1622,0.1616,0.1601,0.1587,0.1576,0.1575,0.1556,0.1552,0.1543,0.1529,0.1522,0.1512,0.1508,0.1498,0.1491,0.1484,0.147,0.1466,0.1452,0.1448,0.144,0.143,0.1419,0.1417,0.1405,0.1399,0.139,0.1383,0.1374,0.1365,0.1363,0.1357,0.1341,0.1335,0.133,0.1326,0.1318,0.131,0.131,0.1294,0.1294,0.1281,0.1275,0.127,0.1262,0.1257,0.1255,0.1245,0.1236,0.1228,0.123,0.1222,0.1209,0.1199,0.1202,0.1188,0.1187,0.1175,0.118,0.1179,0.117,0.1172,0.1158,0.1151,0.1147,0.1138,0.1134,0.1137,0.1133,0.1126,0.1121,0.1115,0.1113,0.1103,0.1096,0.1094,0.1089,0.1077,0.1077,0.107,0.106,0.1062,0.1057,0.1052,0.1048,0.1043,0.1041,0.1041,0.1027,0.1033,0.1021,0.1024,0.1013,0.1017,0.1001,0.0995,0.1001,0.1002,0.0994,0.099,0.0984,0.0983,0.0983,0.0974,0.0968,0.0973,0.0966,0.0963,0.0964,0.0964,0.0957,0.0965,0.095,0.0949,0.0944,0.0939,0.094,0.0943,0.0937,0.093,0.0926,0.0928,0.0923,0.0911,0.0923,0.091,0.091,0.0898,0.0902,0.0901,0.0902,0.09,0.0891,0.0885,0.087,0.0886,0.0878,0.0864,0.0861,0.0865,0.0863,0.0859,0.0857,0.0844,0.0861,0.0841,0.0852,0.0849,0.0843,0.0834,0.0832,0.0835,0.083,0.0825,0.0815,0.0826,0.0835,0.0821,0.0813,0.082,0.0814,0.0813,0.0813,0.0807,0.0805,0.0794,0.0799,0.0797,0.0794,0.0779,0.0778,0.079,0.078,0.079,0.0769,0.0766,0.0788,0.078,0.0769,0.0784,0.0777,0.0779,0.0776,0.0774,0.0785,0.0773,0.0776,0.0787,0.0788,0.079,0.0797,0.0792,0.0807,0.0801,0.0806,0.0819,0.0827,0.0821,0.0831,0.0835,0.0834,0.0831,0.0839,0.0831,0.0858,0.0851,0.0846,0.0841,0.0843,0.083,0.0825,0.0857,0.0823,0.0828,0.0837,0.0813,0.0822,0.0833,0.082,0.0798,0.0786,0.0815,0.0796,0.0764,0.0763,0.0749,0.0759,0.074,0.073,0.073,0.0726,0.072,0.0718,0.0727,0.0713,0.0717,0.0703,0.0727,0.0707,0.0714,0.0713,0.0656,0.0709,0.071,0.0738,0.0729,0.0724,0.0753,0.0
5,3.4664,3.1996,3.5168,3.3257,3.2132,3.3698,3.5316,3.5295,3.2637,3.3842,3.2873,3.4059,3.4315,3.5622,3.6643,4.0,3.437,3.6146,3.5746,3.2152,3.9268,3.544,3.4532,3.8483,3.3988,3.2802,2.9223,2.2836,1.8104,1.5338,1.4056,1.3325,1.2788,1.2427,1.2027,1.1544,1.124,1.0933,1.0114,0.9091,0.8058,0.7142,0.6508,0.6107,0.5892,0.5733,0.5615,0.553,0.5478,0.5419,0.5333,0.5216,0.5135,0.5032,0.4962,0.4889,0.4813,0.476,0.4705,0.4661,0.4602,0.4553,0.4506,0.4456,0.4406,0.435,0.4286,0.4233,0.417,0.4092,0.4026,0.3946,0.3874,0.3791,0.3711,0.363,0.3541,0.346,0.3373,0.3301,0.3229,0.3159,0.3089,0.3019,0.2947,0.2885,0.2808,0.276,0.2703,0.2654,0.2606,0.2565,0.2521,0.2478,0.2448,0.2414,0.2382,0.2353,0.2323,0.23,0.2275,0.2244,0.2224,0.2206,0.2179,0.2162,0.2141,0.2119,0.2099,0.2081,0.2064,0.2044,0.2033,0.2018,0.1998,0.1979,0.1964,0.1942,0.1929,0.1921,0.1899,0.1883,0.1878,0.1857,0.184,0.1832,0.1816,0.1806,0.1789,0.1775,0.1762,0.1751,0.1734,0.1724,0.1713,0.1699,0.1685,0.1676,0.1662,0.165,0.1635,0.1632,0.1619,0.1609,0.1597,0.1586,0.1578,0.1569,0.1555,0.155,0.1537,0.1527,0.1519,0.1505,0.15,0.1485,0.1477,0.1468,0.146,0.1443,0.1441,0.1436,0.1423,0.1413,0.1403,0.14,0.139,0.138,0.1377,0.1363,0.136,0.1346,0.1338,0.1333,0.1328,0.1316,0.1313,0.1302,0.1296,0.1285,0.1281,0.1274,0.1268,0.126,0.1253,0.1247,0.1239,0.123,0.1225,0.122,0.121,0.1213,0.1197,0.1189,0.1183,0.1178,0.1174,0.117,0.1162,0.1154,0.115,0.1148,0.1136,0.1137,0.1127,0.1114,0.1105,0.1109,0.1103,0.1097,0.1091,0.1087,0.1086,0.108,0.1077,0.1064,0.1069,0.1059,0.1053,0.1046,0.104,0.1045,0.104,0.1033,0.1025,0.1007,0.1011,0.1002,0.1007,0.1003,0.0995,0.0987,0.0987,0.0972,0.098,0.0977,0.0972,0.0969,0.0958,0.0957,0.0953,0.0946,0.0948,0.0934,0.0945,0.0935,0.0932,0.092,0.0922,0.0918,0.0924,0.0917,0.0913,0.0902,0.0906,0.0898,0.0897,0.0893,0.0897,0.0887,0.0878,0.0879,0.0887,0.0875,0.088,0.0866,0.0868,0.0861,0.0861,0.0862,0.0859,0.0868,0.086,0.0842,0.0855,0.0845,0.084,0.0845,0.0846,0.0832,0.0823,0.0823,0.0826,0.0817,0.0822,0.0815,0.081,0.0797,0.0808,0.0812,0.0794,0.0794,0.079,0.0786,0.0787,0.0789,0.0778,0.0781,0.0773,0.0769,0.0778,0.0773,0.0762,0.0767,0.0759,0.0751,0.0756,0.0753,0.0753,0.0757,0.0756,0.0752,0.0747,0.0743,0.0749,0.0746,0.0746,0.074,0.0733,0.0736,0.0742,0.0727,0.0717,0.0735,0.073,0.0719,0.0727,0.0697,0.0706,0.0726,0.0727,0.0718,0.0719,0.0708,0.0723,0.0714,0.0713,0.0732,0.0715,0.0719,0.0738,0.0725,0.0731,0.0733,0.0735,0.0749,0.0744,0.0747,0.0764,0.0763,0.0768,0.0776,0.0791,0.0776,0.0771,0.0783,0.0776,0.0789,0.0791,0.0785,0.078,0.0785,0.0771,0.0769,0.0782,0.0764,0.0751,0.0761,0.072,0.0758,0.0752,0.0758,0.0722,0.0731,0.0741,0.0725,0.0689,0.0696,0.0665,0.0717,0.0674,0.0682,0.0685,0.0673,0.0671,0.0658,0.066,0.0649,0.0658,0.0633,0.0647,0.0659,0.0635,0.0633,0.0635,0.0646,0.0652,0.067,0.0662,0.0636,0.0666,1.0800020435516931e-08
5,3.4635,3.1665,3.5315,3.3338,3.2106,3.5372,3.3589,3.3524,3.3869,3.5628,3.4134,3.4082,3.2943,3.8742,3.49,3.7994,3.4252,3.6048,3.5556,3.2962,3.9132,3.5375,3.4407,3.8348,3.5629,3.2721,2.8638,2.2391,1.7478,1.4766,1.3482,1.2734,1.2212,1.1853,1.1382,1.0921,1.0628,1.0302,0.9481,0.8438,0.7418,0.6471,0.5899,0.5454,0.5228,0.5059,0.4936,0.4854,0.4774,0.4721,0.4632,0.4507,0.4408,0.4305,0.4218,0.4139,0.4062,0.3989,0.3928,0.388,0.3807,0.3753,0.3705,0.3665,0.3615,0.3559,0.3512,0.3463,0.3419,0.3356,0.3305,0.3245,0.3189,0.3138,0.308,0.3025,0.2967,0.2913,0.285,0.2805,0.2748,0.2707,0.2665,0.2618,0.2563,0.2521,0.2469,0.2431,0.2392,0.236,0.2326,0.2293,0.2261,0.2229,0.2204,0.2177,0.2156,0.2128,0.2102,0.2084,0.2065,0.2043,0.2023,0.2007,0.1987,0.1968,0.1956,0.1931,0.1916,0.1896,0.188,0.1869,0.1853,0.1836,0.182,0.1809,0.1791,0.1774,0.1764,0.1751,0.1734,0.1719,0.1717,0.1698,0.1682,0.1673,0.1665,0.1642,0.1637,0.1626,0.1613,0.1605,0.1592,0.158,0.1567,0.1558,0.1545,0.1535,0.1524,0.1509,0.1496,0.149,0.1482,0.1474,0.1461,0.1454,0.1452,0.1438,0.1428,0.142,0.1408,0.14,0.1392,0.1378,0.1372,0.1362,0.1353,0.135,0.134,0.1324,0.1323,0.132,0.1306,0.1295,0.1289,0.1285,0.1276,0.1272,0.1265,0.1256,0.1249,0.124,0.1237,0.1227,0.1224,0.1213,0.1214,0.12,0.1199,0.1185,0.1182,0.1175,0.1169,0.1163,0.1162,0.1148,0.1145,0.1139,0.1136,0.1129,0.1123,0.1121,0.111,0.1109,0.11,0.1094,0.109,0.108,0.1083,0.1073,0.1071,0.1061,0.1056,0.1059,0.105,0.1036,0.103,0.1037,0.1025,0.1018,0.1015,0.1016,0.1015,0.1007,0.1009,0.0997,0.0987,0.0985,0.0985,0.0973,0.0974,0.0971,0.0965,0.0965,0.0956,0.0954,0.0948,0.0947,0.0946,0.094,0.0935,0.0927,0.0932,0.0925,0.0927,0.0907,0.0909,0.0902,0.0902,0.0906,0.0893,0.0889,0.0893,0.0886,0.0885,0.0873,0.0884,0.087,0.0867,0.0864,0.0867,0.0862,0.086,0.0856,0.0853,0.0852,0.0842,0.0845,0.0848,0.0836,0.0832,0.0833,0.0835,0.0829,0.0836,0.0822,0.0822,0.0815,0.0812,0.0822,0.0817,0.0819,0.0808,0.0803,0.0807,0.0801,0.0806,0.0801,0.0792,0.0793,0.0777,0.0777,0.0776,0.0779,0.0776,0.0773,0.0772,0.0757,0.0762,0.0757,0.0748,0.0742,0.0755,0.0738,0.0746,0.074,0.0735,0.0743,0.0736,0.0744,0.0746,0.0726,0.0719,0.072,0.0718,0.0715,0.0714,0.0724,0.0716,0.0718,0.0718,0.0708,0.0709,0.0707,0.0703,0.0707,0.0708,0.07,0.069,0.0702,0.0699,0.0686,0.0687,0.0685,0.0688,0.0698,0.0678,0.0665,0.0678,0.069,0.0677,0.0676,0.0679,0.069,0.0681,0.0682,0.0675,0.0698,0.0694,0.0686,0.0689,0.0696,0.0697,0.0692,0.0701,0.0711,0.0708,0.0716,0.0726,0.0728,0.073,0.0748,0.0742,0.0734,0.0738,0.0751,0.0741,0.0765,0.0767,0.0753,0.0746,0.0743,0.0736,0.0733,0.0749,0.0718,0.0718,0.0747,0.0703,0.0736,0.0713,0.0719,0.0698,0.0686,0.0693,0.0697,0.0658,0.0653,0.0645,0.0664,0.0633,0.0635,0.0637,0.0629,0.06,0.0627,0.0622,0.0622,0.0608,0.0607,0.0637,0.0625,0.0609,0.0615,0.0578,0.0611,0.0621,0.063,0.0626,0.0621,0.0634,5.4000102177584654e-09
5,3.7574,3.328,3.5209,3.7989,3.503,3.8452,3.5316,3.8246,3.3902,3.849,3.5833,3.8783,3.6002,4.0,3.9486,4.0,3.6033,3.5945,3.5511,3.4054,3.8841,3.5135,3.8932,4.0,3.5341,3.5475,3.5368,2.8307,2.349,2.0572,1.9202,1.8453,1.8115,1.8002,1.7733,1.76,1.7617,1.7574,1.7158,1.6404,1.5602,1.496,1.453,1.4368,1.4397,1.4582,1.4835,1.5107,1.5361,1.561,1.5877,1.6075,1.6264,1.6503,1.6773,1.707,1.7402,1.772,1.7934,1.8225,1.8481,1.8621,1.8768,1.8658,1.8631,1.8467,1.8174,1.7828,1.7545,1.6996,1.6457,1.5847,1.5216,1.4535,1.3815,1.303,1.2273,1.1516,1.0705,0.9971,0.9222,0.864,0.7993,0.7321,0.6695,0.6145,0.5539,0.502,0.4646,0.425,0.394,0.362,0.3332,0.3088,0.288,0.2707,0.2552,0.2417,0.2306,0.2217,0.2127,0.2058,0.1998,0.1953,0.1904,0.187,0.184,0.1807,0.1782,0.176,0.174,0.1728,0.1709,0.1693,0.1677,0.166,0.1648,0.1628,0.1617,0.1608,0.1592,0.1578,0.1573,0.1559,0.1546,0.1532,0.1532,0.1515,0.1504,0.1495,0.1481,0.1474,0.1469,0.1453,0.1438,0.1433,0.1421,0.1415,0.1403,0.139,0.1377,0.1374,0.1364,0.1357,0.1347,0.134,0.1335,0.1325,0.1317,0.1308,0.1299,0.1293,0.1287,0.1272,0.1271,0.1258,0.125,0.1246,0.1236,0.1224,0.1223,0.1217,0.1211,0.12,0.1193,0.1188,0.1183,0.1172,0.1174,0.1162,0.115,0.1147,0.1143,0.1135,0.1135,0.1124,0.1119,0.1112,0.1106,0.1099,0.1095,0.1091,0.1086,0.1077,0.1072,0.106,0.1062,0.1056,0.1053,0.105,0.1046,0.1042,0.1027,0.1034,0.1028,0.1015,0.1017,0.1006,0.1006,0.1002,0.0992,0.0996,0.098,0.0984,0.0983,0.0968,0.0958,0.0963,0.096,0.0955,0.0947,0.0947,0.0951,0.0942,0.0937,0.0928,0.092,0.092,0.092,0.0912,0.0912,0.091,0.0905,0.0899,0.0895,0.0891,0.0888,0.0883,0.0885,0.0878,0.0876,0.0866,0.0869,0.0856,0.0859,0.0852,0.085,0.0845,0.0838,0.0832,0.0837,0.0828,0.0833,0.0829,0.0828,0.0816,0.0822,0.0813,0.081,0.081,0.0816,0.0808,0.0798,0.0802,0.0798,0.0788,0.0788,0.0791,0.0788,0.0788,0.0786,0.0783,0.0788,0.0783,0.0791,0.0775,0.0772,0.0768,0.0768,0.0773,0.0766,0.0769,0.077,0.0764,0.0764,0.0759,0.0753,0.0757,0.075,0.0757,0.0733,0.0738,0.0739,0.0733,0.0735,0.0722,0.0729,0.0712,0.0728,0.0717,0.0705,0.0708,0.0707,0.0696,0.0705,0.0709,0.0696,0.0699,0.0691,0.0702,0.0703,0.0697,0.0697,0.07,0.0691,0.0685,0.0677,0.0682,0.0684,0.0685,0.0683,0.0672,0.0678,0.0676,0.0675,0.0673,0.0671,0.0674,0.0661,0.0669,0.0662,0.0655,0.0664,0.0673,0.0661,0.0655,0.0666,0.0643,0.0631,0.0653,0.0658,0.0657,0.0656,0.0662,0.0654,0.0644,0.0648,0.0663,0.0651,0.0658,0.0664,0.0663,0.0672,0.0678,0.0679,0.0688,0.0683,0.0684,0.0707,0.0708,0.0699,0.0718,0.0726,0.0723,0.072,0.0721,0.072,0.0754,0.0735,0.0733,0.0731,0.0721,0.0716,0.0717,0.0719,0.0735,0.0712,0.0701,0.0696,0.0714,0.0697,0.0695,0.0669,0.066,0.0676,0.0668,0.0637,0.0627,0.063,0.063,0.0622,0.0598,0.0625,0.0613,0.0603,0.0604,0.0597,0.0583,0.0592,0.0578,0.0592,0.0594,0.0594,0.0596,0.0549,0.0592,0.0596,0.0607,0.0616,0.0608,0.0627,1.728003269682709e-07
5,3.7607,3.1951,3.7886,3.3225,3.3402,3.5407,3.5264,3.8283,3.3829,3.3803,3.4099,3.2581,3.605,3.5461,3.6489,3.801,3.8849,3.596,3.8427,3.282,3.5833,3.8071,3.8897,3.8128,3.837,3.3714,3.2383,2.5378,2.0228,1.7529,1.6162,1.5431,1.5036,1.4763,1.448,1.4136,1.3995,1.3838,1.3197,1.2235,1.136,1.0626,1.008,0.9789,0.9672,0.9682,0.9758,0.9829,0.9922,1.0033,1.01,1.0148,1.0211,1.0274,1.0356,1.0459,1.0599,1.0711,1.0809,1.0923,1.1013,1.1042,1.1052,1.1037,1.0987,1.0859,1.0714,1.0548,1.0321,1.0042,0.9759,0.9426,0.9076,0.8722,0.8339,0.7933,0.7514,0.7118,0.6652,0.6299,0.5896,0.557,0.5231,0.4874,0.4533,0.4224,0.3907,0.3652,0.3419,0.3227,0.3041,0.2868,0.2714,0.258,0.2464,0.2364,0.2275,0.2195,0.2127,0.2078,0.2023,0.1977,0.1941,0.191,0.1875,0.1852,0.1831,0.1802,0.1781,0.1764,0.1743,0.1733,0.1715,0.1701,0.1682,0.1676,0.166,0.1643,0.163,0.1622,0.1604,0.1591,0.1588,0.1569,0.1554,0.1551,0.1542,0.1523,0.1511,0.1505,0.1495,0.1486,0.1473,0.1462,0.1448,0.1441,0.1434,0.1417,0.1408,0.1399,0.1389,0.1386,0.1375,0.1367,0.1359,0.1347,0.134,0.1331,0.1325,0.1318,0.131,0.1303,0.1292,0.1285,0.128,0.1265,0.1256,0.1254,0.1247,0.1235,0.1231,0.1229,0.1215,0.1207,0.1202,0.1198,0.1192,0.1184,0.1178,0.1169,0.1167,0.1152,0.1152,0.1145,0.1139,0.1132,0.1128,0.1119,0.1117,0.1106,0.1105,0.1098,0.1096,0.1087,0.1082,0.1072,0.1069,0.1065,0.1064,0.1063,0.1052,0.105,0.1042,0.1039,0.1028,0.1024,0.1023,0.1022,0.1017,0.101,0.0997,0.1001,0.0987,0.0991,0.0986,0.0974,0.0966,0.097,0.0964,0.0963,0.0954,0.0955,0.095,0.094,0.0948,0.0936,0.093,0.0925,0.0925,0.0918,0.0918,0.0916,0.0912,0.0909,0.0904,0.0895,0.0896,0.089,0.0887,0.0881,0.0878,0.0875,0.087,0.087,0.0871,0.0858,0.0858,0.0848,0.0847,0.0844,0.0843,0.0833,0.0838,0.0829,0.0833,0.0824,0.0828,0.0821,0.0819,0.0814,0.0816,0.0813,0.0809,0.0804,0.0801,0.0794,0.0795,0.0796,0.0798,0.0789,0.0784,0.0782,0.0785,0.0785,0.0799,0.078,0.0778,0.0771,0.0769,0.0783,0.0772,0.0779,0.0766,0.0765,0.0759,0.0755,0.0759,0.0755,0.0754,0.0741,0.0741,0.0741,0.0736,0.074,0.0738,0.0731,0.0739,0.0716,0.0727,0.0723,0.0708,0.0701,0.0716,0.07,0.0706,0.0713,0.07,0.0708,0.0702,0.0707,0.0705,0.0701,0.0698,0.069,0.0693,0.0688,0.0693,0.0688,0.0693,0.069,0.0681,0.0681,0.0685,0.0683,0.0677,0.0683,0.0683,0.0678,0.0667,0.0669,0.0665,0.0659,0.0668,0.0662,0.0664,0.0656,0.067,0.063,0.065,0.0654,0.0654,0.0656,0.0661,0.0655,0.067,0.0649,0.0654,0.0669,0.0664,0.0664,0.0662,0.0669,0.0672,0.0682,0.0679,0.0697,0.0687,0.0688,0.0709,0.071,0.0703,0.0718,0.0718,0.0722,0.072,0.0731,0.0735,0.0737,0.0738,0.0729,0.0727,0.0725,0.0721,0.0727,0.0737,0.0715,0.07,0.0723,0.0699,0.0705,0.0697,0.0698,0.0676,0.0676,0.0679,0.0676,0.0653,0.0636,0.0623,0.0639,0.0612,0.0615,0.0634,0.0598,0.0599,0.0605,0.0635,0.0595,0.0606,0.0595,0.0613,0.0596,0.0596,0.0593,0.0569,0.0581,0.0597,0.0613,0.0605,0.0621,0.0644,8.640016348413545e-08
5,3.7557,3.1908,3.8332,3.3265,3.5033,3.3503,3.2354,3.5236,3.2451,3.3732,3.283,3.4045,3.2941,3.8685,3.6239,3.7878,3.8935,3.8861,3.8438,3.2866,3.8788,3.325,3.8855,4.0,3.8399,3.3718,2.9405,2.3379,1.8767,1.5971,1.4695,1.3962,1.351,1.3244,1.2799,1.2461,1.2239,1.2002,1.125,1.0197,0.9213,0.8374,0.7771,0.7453,0.7259,0.7155,0.7127,0.7124,0.713,0.7143,0.7137,0.7091,0.7052,0.7032,0.7032,0.7039,0.705,0.707,0.7086,0.7102,0.7105,0.71,0.7075,0.7049,0.6998,0.691,0.6803,0.6705,0.659,0.6431,0.6274,0.6081,0.5903,0.569,0.5503,0.5272,0.5056,0.4835,0.4592,0.4395,0.4183,0.4018,0.3834,0.3634,0.3457,0.328,0.3106,0.297,0.2854,0.2736,0.2633,0.2531,0.2451,0.2365,0.2304,0.2243,0.2187,0.2136,0.2095,0.206,0.2023,0.1989,0.1965,0.1942,0.1914,0.1895,0.1872,0.185,0.1834,0.1816,0.1799,0.1786,0.1774,0.1757,0.174,0.1727,0.1716,0.1698,0.1686,0.1673,0.1656,0.164,0.164,0.1622,0.1609,0.1595,0.1588,0.1572,0.1561,0.1552,0.154,0.1531,0.1523,0.151,0.1499,0.1489,0.1479,0.1466,0.1453,0.1445,0.1433,0.1429,0.1422,0.1407,0.1401,0.1389,0.1385,0.1375,0.1366,0.1357,0.1347,0.1341,0.1334,0.1323,0.1318,0.1304,0.1294,0.1288,0.1286,0.1271,0.1269,0.1265,0.1251,0.1244,0.124,0.1234,0.1225,0.1215,0.1214,0.1204,0.1202,0.1189,0.1187,0.118,0.1175,0.1162,0.1161,0.1151,0.1152,0.1139,0.1133,0.1132,0.1121,0.1119,0.1113,0.1102,0.11,0.1098,0.1089,0.109,0.1085,0.1084,0.1065,0.1069,0.1063,0.1056,0.1053,0.1042,0.1042,0.1034,0.1033,0.1025,0.1014,0.1018,0.1013,0.0993,0.0992,0.0993,0.0985,0.0986,0.0975,0.098,0.0976,0.097,0.0974,0.0959,0.0952,0.0954,0.095,0.0942,0.0935,0.0937,0.0931,0.0941,0.0922,0.0929,0.0916,0.0916,0.0908,0.0905,0.0898,0.089,0.0888,0.0885,0.0885,0.0881,0.0878,0.0876,0.0866,0.0868,0.0863,0.0859,0.0863,0.0848,0.0852,0.0845,0.0855,0.0841,0.0845,0.0835,0.0843,0.0836,0.0833,0.0824,0.0826,0.0822,0.0824,0.0815,0.0819,0.0812,0.0808,0.0809,0.0817,0.08,0.0812,0.08,0.0792,0.0792,0.0788,0.079,0.0799,0.0787,0.0795,0.0774,0.0775,0.0776,0.0778,0.0777,0.0778,0.0768,0.0765,0.0768,0.0763,0.0762,0.0756,0.0756,0.0756,0.0737,0.0757,0.0748,0.0726,0.0723,0.0726,0.0723,0.0726,0.073,0.0715,0.0727,0.072,0.0717,0.0725,0.0718,0.0715,0.0708,0.0717,0.0697,0.0702,0.07,0.0698,0.071,0.0697,0.0695,0.07,0.0695,0.0694,0.0695,0.0688,0.0683,0.0685,0.0687,0.0683,0.068,0.0675,0.0678,0.0675,0.0662,0.0678,0.0665,0.0671,0.0666,0.0668,0.0661,0.0671,0.0657,0.0677,0.0678,0.0659,0.0676,0.0664,0.0674,0.0681,0.0681,0.0678,0.0686,0.0689,0.0703,0.0706,0.0705,0.0717,0.0723,0.0716,0.073,0.0751,0.0731,0.0734,0.0732,0.0743,0.0773,0.0759,0.0752,0.0747,0.0748,0.0732,0.0735,0.0736,0.0721,0.0734,0.0715,0.0712,0.0721,0.0722,0.072,0.0702,0.0699,0.0718,0.0711,0.0661,0.0664,0.0639,0.068,0.0652,0.0629,0.0647,0.0634,0.0624,0.0627,0.0622,0.0617,0.0617,0.0626,0.0639,0.0628,0.0623,0.0622,0.0597,0.062,0.0627,0.0634,0.0646,0.0639,0.0662,4.3200081742067724e-08
5,3.7563,3.2036,3.5141,3.323,3.2149,3.3561,3.5334,3.5207,3.3852,3.2499,3.2787,3.3917,3.4139,3.5612,3.6356,4.0,3.4171,3.416,3.3722,3.2756,3.8928,3.4948,3.8918,4.0,3.536,3.2407,2.9354,2.292,1.8169,1.5276,1.4021,1.33,1.2806,1.2481,1.2062,1.1564,1.1325,1.1083,1.0199,0.9272,0.8206,0.734,0.6682,0.6282,0.6093,0.5951,0.587,0.5813,0.5778,0.5749,0.5701,0.5615,0.5537,0.5476,0.543,0.5389,0.5348,0.5315,0.5289,0.5261,0.5224,0.5197,0.516,0.5121,0.507,0.5007,0.4939,0.4868,0.4782,0.4669,0.4577,0.447,0.4354,0.423,0.4118,0.3982,0.3851,0.3718,0.3573,0.3464,0.3345,0.3239,0.3133,0.3027,0.2912,0.2814,0.2705,0.263,0.2545,0.2484,0.2419,0.2359,0.2301,0.2248,0.2206,0.2163,0.2127,0.2091,0.2059,0.2032,0.2004,0.1977,0.1956,0.1937,0.1913,0.1894,0.1876,0.1859,0.1838,0.1825,0.1806,0.1796,0.178,0.1766,0.1746,0.1736,0.1725,0.1708,0.1691,0.1682,0.1664,0.1654,0.1648,0.163,0.1619,0.161,0.1597,0.1585,0.1569,0.1557,0.1549,0.1539,0.1524,0.1513,0.1497,0.1495,0.1479,0.1473,0.146,0.1451,0.1439,0.1433,0.1424,0.1413,0.1405,0.1396,0.1387,0.1384,0.1376,0.136,0.1355,0.1347,0.1343,0.1326,0.1323,0.1311,0.1305,0.1294,0.1289,0.1277,0.1274,0.127,0.1257,0.1249,0.1242,0.1238,0.1234,0.1222,0.1214,0.1206,0.1204,0.1191,0.1187,0.1182,0.1175,0.1169,0.1166,0.1154,0.1154,0.1145,0.1136,0.1137,0.1127,0.1127,0.1118,0.1108,0.1105,0.1097,0.1096,0.1087,0.1085,0.1085,0.1072,0.107,0.1065,0.1056,0.1056,0.1047,0.1041,0.1038,0.1034,0.1029,0.1016,0.1018,0.1016,0.0998,0.0995,0.0997,0.0989,0.0983,0.0981,0.0983,0.0977,0.0967,0.0973,0.0956,0.0957,0.0953,0.0951,0.0938,0.0936,0.0939,0.0935,0.0932,0.0924,0.092,0.0917,0.0915,0.0917,0.0907,0.0901,0.0897,0.0898,0.0893,0.0895,0.0882,0.088,0.0873,0.087,0.0872,0.0869,0.0862,0.0865,0.0859,0.0856,0.0843,0.0852,0.0838,0.0845,0.0832,0.0836,0.0845,0.083,0.0829,0.0822,0.0822,0.0821,0.0822,0.0821,0.0813,0.081,0.0801,0.082,0.0804,0.0814,0.0801,0.0794,0.0799,0.0793,0.0799,0.0788,0.079,0.0796,0.0786,0.0779,0.0775,0.0782,0.0775,0.0774,0.0774,0.0762,0.0763,0.0764,0.0757,0.0752,0.0754,0.0752,0.0738,0.0753,0.0744,0.0727,0.0727,0.0726,0.0733,0.0736,0.0727,0.0713,0.0717,0.0713,0.072,0.0724,0.0718,0.0711,0.071,0.0705,0.0703,0.071,0.07,0.0701,0.0708,0.0704,0.0696,0.0692,0.07,0.07,0.0693,0.0686,0.069,0.0683,0.0695,0.0678,0.0675,0.0675,0.0677,0.0677,0.0674,0.0687,0.0664,0.0667,0.0676,0.0672,0.0684,0.067,0.0672,0.0673,0.0672,0.0662,0.0672,0.0672,0.0676,0.0683,0.0683,0.0693,0.0691,0.0698,0.0705,0.0704,0.0711,0.0725,0.0724,0.072,0.0737,0.0731,0.0732,0.0736,0.0737,0.0738,0.0768,0.0754,0.075,0.0746,0.0744,0.0747,0.0733,0.0736,0.0716,0.072,0.0725,0.0711,0.0724,0.0727,0.0712,0.0687,0.069,0.0699,0.071,0.0665,0.0654,0.0627,0.0678,0.0648,0.0639,0.0647,0.0642,0.0632,0.0624,0.0635,0.061,0.0637,0.0611,0.0614,0.0615,0.0614,0.062,0.0586,0.0631,0.0605,0.0638,0.0635,0.0622,0.0649,2.1600040871033862e-08
6,3.4728,3.4938,3.3448,3.3194,3.3463,3.3551,3.2395,3.5332,3.2577,3.2689,3.4236,3.8897,3.4403,3.5877,3.9719,4.0,3.4571,3.9285,3.5967,3.9336,3.9346,3.8741,3.6541,4.0,3.5995,3.437,2.9554,2.3818,1.8642,1.5685,1.4275,1.3478,1.2898,1.248,1.2027,1.1554,1.1232,1.0921,1.0044,0.9045,0.7989,0.7024,0.6395,0.5962,0.5711,0.5535,0.54,0.5314,0.5221,0.5146,0.5047,0.4916,0.4806,0.4702,0.4595,0.4515,0.442,0.4347,0.4273,0.4201,0.4128,0.407,0.4017,0.397,0.3917,0.3854,0.3807,0.3761,0.3715,0.3663,0.361,0.3558,0.3507,0.3459,0.3414,0.3362,0.3313,0.3261,0.3209,0.3168,0.3125,0.3089,0.3048,0.3007,0.2962,0.292,0.2877,0.2841,0.2805,0.2774,0.2743,0.2711,0.2675,0.2648,0.2621,0.2592,0.2566,0.254,0.2516,0.2494,0.2466,0.2443,0.2422,0.24,0.2377,0.2357,0.2337,0.2309,0.2293,0.2271,0.2257,0.2236,0.2216,0.2195,0.2181,0.2156,0.2142,0.2124,0.2108,0.2091,0.2076,0.2053,0.204,0.2024,0.2011,0.1997,0.1984,0.1965,0.1947,0.1936,0.1918,0.1907,0.1897,0.1876,0.1869,0.1853,0.1838,0.1826,0.1812,0.1797,0.1783,0.177,0.176,0.1752,0.1738,0.1725,0.1713,0.1704,0.1691,0.1674,0.1668,0.1658,0.1648,0.1632,0.1624,0.1612,0.1603,0.159,0.1581,0.1573,0.1562,0.1549,0.1541,0.1535,0.1522,0.1515,0.1507,0.1496,0.1487,0.1475,0.1466,0.1455,0.1449,0.1443,0.1435,0.1424,0.1418,0.1413,0.1401,0.1392,0.1384,0.1373,0.1371,0.1345,0.1346,0.1347,0.1334,0.1328,0.1325,0.1316,0.1309,0.1301,0.129,0.1282,0.1284,0.1275,0.1266,0.1259,0.1257,0.1245,0.1238,0.1231,0.1226,0.1223,0.122,0.1212,0.1199,0.1204,0.1184,0.1181,0.1185,0.1174,0.117,0.1159,0.1154,0.115,0.1146,0.114,0.1132,0.1127,0.1127,0.1118,0.111,0.1108,0.1101,0.111,0.1095,0.108,0.1079,0.1079,0.1076,0.1064,0.106,0.1054,0.1052,0.1049,0.1039,0.1024,0.1038,0.1034,0.1026,0.1026,0.1023,0.1012,0.1009,0.0996,0.0999,0.0993,0.099,0.0984,0.0987,0.0977,0.098,0.0967,0.0969,0.0968,0.0953,0.0952,0.0952,0.0945,0.0943,0.0941,0.0947,0.0937,0.0932,0.0931,0.0932,0.0933,0.0931,0.0919,0.0919,0.092,0.0912,0.0908,0.0898,0.0908,0.09,0.089,0.0892,0.0897,0.0886,0.0878,0.0881,0.0879,0.0871,0.0869,0.0865,0.087,0.0861,0.0861,0.0853,0.0844,0.0847,0.0835,0.0841,0.083,0.0818,0.0827,0.0827,0.0837,0.0815,0.0811,0.0823,0.0819,0.0817,0.0811,0.0808,0.0801,0.0814,0.0802,0.0795,0.0803,0.0801,0.0803,0.0788,0.0787,0.0788,0.0782,0.0783,0.0774,0.078,0.0763,0.0766,0.0752,0.0769,0.0773,0.0766,0.0778,0.0758,0.0754,0.0764,0.0757,0.076,0.0753,0.0747,0.0768,0.0755,0.076,0.0766,0.0757,0.0762,0.0767,0.0769,0.077,0.0771,0.0782,0.0776,0.0789,0.0797,0.0797,0.0803,0.0799,0.0811,0.0814,0.0818,0.0834,0.0832,0.0837,0.0832,0.0833,0.0835,0.0823,0.0817,0.0816,0.0829,0.0803,0.0798,0.0808,0.0795,0.08,0.0792,0.0796,0.0799,0.0765,0.0746,0.076,0.0749,0.0733,0.0722,0.074,0.0732,0.0697,0.0689,0.0713,0.071,0.0691,0.0697,0.0684,0.0693,0.0694,0.0685,0.0691,0.0688,0.0678,0.0678,0.0724,0.067,0.0684,0.0719,0.0704,0.0702,0.0
6,3.7685,3.2188,3.5422,3.329,3.3403,3.2427,3.0672,3.3626,3.2546,3.2651,3.893,3.8881,3.4247,3.5862,3.9584,4.0,3.6138,3.6168,3.8754,3.9096,3.9234,3.5455,3.9315,4.0,3.5729,3.5915,3.1173,2.5704,2.0,1.7022,1.5633,1.4818,1.4253,1.3861,1.3483,1.3062,1.2785,1.2523,1.1738,1.0782,0.9782,0.8836,0.8242,0.7856,0.7664,0.7567,0.7504,0.7484,0.7463,0.7451,0.7409,0.7348,0.7302,0.7267,0.7227,0.7218,0.7207,0.7212,0.72,0.7199,0.7189,0.7175,0.714,0.7102,0.7054,0.6974,0.6883,0.6787,0.6667,0.6525,0.6379,0.6224,0.6049,0.5875,0.5687,0.5497,0.5297,0.51,0.4892,0.4702,0.4524,0.4365,0.4199,0.4028,0.385,0.3723,0.3547,0.342,0.33,0.3202,0.3102,0.3008,0.2923,0.2846,0.2779,0.2719,0.2666,0.2615,0.2571,0.2535,0.2492,0.2454,0.2429,0.2399,0.2369,0.2343,0.2324,0.2294,0.2276,0.2251,0.2238,0.2212,0.2196,0.2173,0.2159,0.2131,0.2118,0.21,0.2085,0.2067,0.2052,0.2037,0.2018,0.2,0.1988,0.1972,0.1956,0.1943,0.1923,0.1911,0.1901,0.1883,0.1874,0.1855,0.1846,0.1831,0.1817,0.1807,0.1789,0.1775,0.1761,0.1748,0.174,0.1731,0.1717,0.1707,0.1696,0.1685,0.1675,0.1656,0.1652,0.1638,0.1629,0.1619,0.1604,0.1595,0.159,0.1573,0.1566,0.1556,0.1548,0.1538,0.1527,0.1522,0.1512,0.1503,0.1492,0.1488,0.1475,0.1464,0.1458,0.1448,0.1439,0.1435,0.1427,0.1415,0.1414,0.1402,0.1393,0.1383,0.1378,0.1372,0.1364,0.1348,0.134,0.134,0.133,0.1322,0.1321,0.1308,0.1303,0.1293,0.1285,0.1284,0.1278,0.1269,0.1257,0.125,0.1251,0.1236,0.1231,0.1232,0.122,0.1218,0.1213,0.1202,0.1194,0.1201,0.118,0.1173,0.1177,0.117,0.1162,0.1155,0.1145,0.1149,0.114,0.1131,0.113,0.1117,0.1115,0.111,0.1103,0.1099,0.1096,0.1098,0.1085,0.1072,0.1074,0.107,0.1066,0.1055,0.105,0.1039,0.1046,0.1033,0.1034,0.1022,0.1024,0.1019,0.1014,0.1007,0.1008,0.1006,0.0993,0.0989,0.0987,0.0976,0.0969,0.0973,0.0976,0.0976,0.0962,0.0956,0.0959,0.0959,0.0942,0.0941,0.0939,0.0931,0.093,0.0934,0.0934,0.0925,0.0917,0.0916,0.092,0.092,0.0912,0.0906,0.0902,0.0905,0.0896,0.0893,0.0891,0.0893,0.089,0.0883,0.0883,0.0882,0.0881,0.0873,0.0871,0.0869,0.0859,0.0865,0.0855,0.0855,0.0852,0.0843,0.0844,0.0845,0.0834,0.0832,0.0827,0.0829,0.0808,0.0823,0.0827,0.0815,0.0806,0.0805,0.0809,0.0809,0.0802,0.0806,0.0802,0.0789,0.0795,0.0797,0.0784,0.0795,0.0786,0.0791,0.0782,0.0787,0.078,0.0774,0.0774,0.0775,0.0779,0.076,0.0763,0.0747,0.0749,0.0758,0.0769,0.0754,0.0749,0.0748,0.0754,0.0749,0.0757,0.0759,0.074,0.0746,0.0745,0.075,0.0766,0.0751,0.0756,0.0754,0.0758,0.076,0.0764,0.0765,0.0771,0.0785,0.0794,0.0788,0.0796,0.0794,0.0806,0.0817,0.0811,0.0812,0.0824,0.0825,0.0832,0.0822,0.0832,0.0817,0.0801,0.0808,0.0811,0.0804,0.0784,0.08,0.0781,0.078,0.078,0.0778,0.0779,0.0767,0.0757,0.0745,0.0735,0.0724,0.0711,0.0704,0.0731,0.0697,0.0676,0.0711,0.0705,0.0686,0.0684,0.0682,0.068,0.0678,0.0676,0.068,0.0674,0.0669,0.0672,0.07,0.0668,0.0688,0.0686,0.0688,0.0686,3.052179688298262e-08
6,3.4645,3.3432,3.3418,3.3238,3.512,3.5331,3.2365,3.3517,3.2517,3.3865,3.5964,3.589,3.307,3.5665,4.0,3.8047,3.6063,3.609,3.8638,4.0,3.9193,3.5331,3.6242,3.8428,3.5672,3.5716,3.0321,2.3898,1.881,1.5845,1.4567,1.3746,1.3183,1.2815,1.2436,1.1941,1.1681,1.1362,1.0633,0.9562,0.8567,0.759,0.6957,0.6572,0.635,0.6219,0.6134,0.6077,0.6016,0.5983,0.5904,0.5815,0.5741,0.5665,0.5605,0.5559,0.5507,0.5477,0.5434,0.5398,0.5359,0.532,0.5283,0.5245,0.5182,0.5121,0.505,0.4985,0.4909,0.4816,0.4711,0.4615,0.4513,0.4408,0.4296,0.4175,0.4054,0.3942,0.381,0.3705,0.3597,0.3506,0.341,0.3306,0.3204,0.3108,0.3012,0.2938,0.2864,0.28,0.2735,0.2675,0.2621,0.2569,0.2529,0.2486,0.2447,0.2413,0.2381,0.2354,0.232,0.2289,0.227,0.2247,0.222,0.2205,0.218,0.2154,0.2139,0.2117,0.2105,0.2081,0.2066,0.2044,0.2033,0.2011,0.1997,0.198,0.1965,0.1949,0.1933,0.1918,0.1899,0.1886,0.1878,0.1864,0.185,0.1839,0.1818,0.1806,0.1795,0.1781,0.1771,0.1754,0.1746,0.1729,0.1714,0.1705,0.1692,0.1681,0.1664,0.1655,0.1646,0.1633,0.1626,0.1611,0.1604,0.1592,0.158,0.157,0.1558,0.1551,0.1537,0.1526,0.1517,0.151,0.1497,0.1492,0.148,0.1473,0.1465,0.1451,0.1443,0.1439,0.1428,0.142,0.1411,0.1406,0.1394,0.1385,0.1379,0.137,0.1364,0.1358,0.1351,0.134,0.1335,0.1329,0.1319,0.1308,0.1308,0.1296,0.1294,0.1278,0.1268,0.1273,0.126,0.1253,0.1252,0.1245,0.1236,0.1225,0.1221,0.121,0.1215,0.1207,0.1197,0.1189,0.1188,0.1176,0.1173,0.1168,0.1164,0.1155,0.1151,0.115,0.1136,0.1137,0.1127,0.1119,0.1115,0.1112,0.1113,0.1098,0.109,0.1091,0.1087,0.1081,0.1076,0.1061,0.1063,0.1062,0.1047,0.1048,0.105,0.1051,0.1038,0.1027,0.1023,0.1021,0.1016,0.1007,0.1001,0.0997,0.1002,0.0993,0.0985,0.0977,0.0985,0.0979,0.0971,0.0967,0.0971,0.0965,0.0961,0.0945,0.0951,0.094,0.0938,0.0934,0.0945,0.0932,0.0928,0.0921,0.0923,0.0921,0.0912,0.0918,0.0908,0.0905,0.0903,0.091,0.0904,0.09,0.0893,0.0891,0.0887,0.0893,0.0895,0.0881,0.0882,0.088,0.0878,0.0872,0.0866,0.0868,0.0858,0.0865,0.0859,0.0855,0.0853,0.0845,0.0849,0.0843,0.0837,0.0842,0.0833,0.0835,0.0827,0.0824,0.0827,0.0817,0.0818,0.0813,0.0812,0.0798,0.0789,0.0805,0.0809,0.0791,0.0787,0.0776,0.0791,0.0782,0.0785,0.0779,0.0782,0.077,0.0773,0.0778,0.0764,0.0772,0.077,0.0759,0.0758,0.076,0.0753,0.0752,0.0748,0.0755,0.0755,0.0743,0.0737,0.0726,0.0731,0.0736,0.0751,0.0727,0.0724,0.0725,0.0742,0.0718,0.0719,0.0728,0.072,0.0725,0.0721,0.0724,0.0735,0.0729,0.0738,0.0731,0.0736,0.0735,0.0743,0.0741,0.0746,0.0755,0.0769,0.0765,0.0772,0.0768,0.0794,0.0786,0.0778,0.0802,0.08,0.0794,0.0807,0.0801,0.0797,0.0793,0.0779,0.0775,0.0783,0.0773,0.0751,0.0762,0.0771,0.0758,0.0759,0.0751,0.0746,0.0733,0.071,0.0728,0.0708,0.068,0.0679,0.0683,0.067,0.0677,0.0628,0.0658,0.0663,0.0645,0.0648,0.0648,0.0636,0.063,0.0636,0.0645,0.0637,0.0617,0.0627,0.0671,0.0633,0.0615,0.0659,0.0646,0.0631,1.526089844149131e-08
6,3.4589,3.5024,3.3506,3.4984,3.5085,3.3622,3.5304,3.5191,3.3585,3.372,3.8859,4.0,3.8973,3.8581,3.9364,4.0,3.8961,3.8805,3.8444,4.0,3.8809,3.5106,3.9018,4.0,3.8349,3.8419,3.5356,3.4025,2.8202,2.5051,2.3711,2.3037,2.2607,2.287,2.2744,2.2832,2.2826,2.2952,2.2701,2.2008,2.1567,2.1078,2.0837,2.0798,2.0969,2.1363,2.1884,2.2464,2.2801,2.3256,2.362,2.4102,2.4543,2.5039,2.5416,2.5724,2.6348,2.7078,2.7217,2.792,2.8449,2.8473,2.8501,2.8164,2.8514,2.8612,2.8094,2.734,2.6813,2.6251,2.5633,2.4423,2.3544,2.2505,2.1469,2.0219,1.8945,1.7782,1.6351,1.5268,1.4073,1.3116,1.2048,1.099,0.9938,0.901,0.8072,0.7344,0.6602,0.6018,0.5433,0.4935,0.4499,0.4094,0.3754,0.3474,0.3238,0.3018,0.2844,0.2705,0.2559,0.2446,0.2362,0.2294,0.2223,0.2172,0.2128,0.2076,0.2051,0.2019,0.1995,0.1967,0.1953,0.1929,0.1909,0.189,0.1877,0.1861,0.1846,0.1831,0.1817,0.1803,0.1786,0.1769,0.1757,0.1749,0.1738,0.1724,0.1703,0.1692,0.1683,0.1666,0.1661,0.164,0.1639,0.1625,0.1604,0.16,0.1584,0.1575,0.1562,0.1555,0.1546,0.1536,0.1523,0.1515,0.1508,0.1498,0.1488,0.1473,0.1471,0.1461,0.1448,0.1439,0.1431,0.1424,0.1414,0.14,0.1395,0.1389,0.1381,0.1371,0.1363,0.136,0.1344,0.134,0.1328,0.1326,0.1316,0.1304,0.1298,0.1289,0.1283,0.1278,0.1277,0.126,0.1256,0.1251,0.1245,0.1236,0.1229,0.1225,0.1217,0.1202,0.1194,0.12,0.1186,0.1181,0.1177,0.1168,0.1164,0.1154,0.1153,0.1148,0.1146,0.1142,0.1133,0.1123,0.1122,0.1114,0.1107,0.1108,0.1104,0.1093,0.109,0.1084,0.1084,0.1082,0.107,0.1065,0.1064,0.1056,0.1055,0.1046,0.1039,0.1036,0.1037,0.1027,0.1024,0.1014,0.1019,0.1006,0.0999,0.0995,0.0996,0.1,0.0989,0.0975,0.0978,0.0978,0.0966,0.0963,0.0956,0.0955,0.0952,0.0944,0.0939,0.0933,0.0935,0.0923,0.0923,0.0919,0.0932,0.0918,0.0914,0.0901,0.0899,0.0892,0.0898,0.089,0.0895,0.0887,0.0885,0.0873,0.0879,0.0876,0.0867,0.087,0.0862,0.0857,0.0855,0.0858,0.086,0.0848,0.0844,0.084,0.0849,0.0836,0.0843,0.0838,0.0839,0.0839,0.0819,0.0827,0.0828,0.0833,0.0822,0.0818,0.0821,0.0822,0.0816,0.0806,0.0805,0.0809,0.0799,0.08,0.079,0.0798,0.0787,0.0792,0.0786,0.0775,0.0775,0.078,0.0778,0.0758,0.0753,0.0769,0.0761,0.0751,0.0747,0.0747,0.0756,0.075,0.0754,0.0741,0.0746,0.0729,0.0741,0.0738,0.0735,0.0734,0.073,0.0731,0.0719,0.0725,0.0725,0.072,0.0728,0.0718,0.0719,0.0708,0.0706,0.0699,0.0702,0.0699,0.0706,0.0705,0.0689,0.0692,0.071,0.0691,0.0697,0.0693,0.0678,0.0683,0.0701,0.0703,0.0715,0.0709,0.0708,0.0709,0.0713,0.0715,0.0717,0.0715,0.0727,0.0736,0.0745,0.074,0.0753,0.0741,0.0761,0.077,0.0754,0.0765,0.0774,0.0765,0.0785,0.0773,0.0773,0.0764,0.0767,0.0756,0.0764,0.0748,0.0743,0.0745,0.0739,0.0736,0.0732,0.0717,0.073,0.0719,0.0693,0.0714,0.0696,0.0672,0.0662,0.0691,0.0669,0.0659,0.0635,0.066,0.0656,0.0636,0.0646,0.0628,0.0635,0.0639,0.063,0.0637,0.0646,0.0632,0.063,0.0673,0.0635,0.0638,0.067,0.0651,0.0648,2.44174375063861e-07
6,3.7612,3.501,3.5169,3.4895,3.8155,3.3605,3.355,3.5189,3.5606,3.8433,3.8934,4.0,3.5905,3.8538,3.952,4.0,3.8938,3.8955,3.8589,4.0,3.5831,3.5099,3.9022,4.0,3.5475,3.5511,3.5403,2.8862,2.3242,2.0076,1.8754,1.7992,1.7573,1.7348,1.7175,1.6894,1.6856,1.6804,1.6162,1.5352,1.4592,1.3881,1.3409,1.3157,1.3134,1.3254,1.3426,1.3641,1.3826,1.4044,1.4188,1.4341,1.4526,1.4691,1.4871,1.5126,1.5382,1.5636,1.5855,1.6074,1.6244,1.6328,1.6414,1.6399,1.6336,1.6196,1.5969,1.5725,1.5418,1.4973,1.4517,1.4033,1.3518,1.2938,1.2353,1.1632,1.1021,1.036,0.9677,0.9058,0.8494,0.7949,0.7392,0.681,0.6275,0.5793,0.5243,0.4874,0.4521,0.4167,0.3877,0.3587,0.3366,0.3157,0.2969,0.2822,0.2683,0.2557,0.2465,0.2382,0.2301,0.2229,0.2182,0.2135,0.2093,0.2059,0.2027,0.1992,0.197,0.195,0.1931,0.1904,0.1893,0.187,0.1855,0.1837,0.1823,0.1805,0.1793,0.1781,0.1759,0.1749,0.1737,0.1719,0.1711,0.1702,0.1693,0.1672,0.1662,0.1649,0.1644,0.1628,0.1615,0.1597,0.1594,0.1582,0.1568,0.1561,0.1548,0.1535,0.1518,0.151,0.1504,0.1498,0.1486,0.1477,0.1465,0.1455,0.1451,0.1433,0.1432,0.1421,0.1409,0.1402,0.1387,0.1383,0.1372,0.1364,0.1359,0.1349,0.1346,0.1334,0.1328,0.1326,0.131,0.1304,0.1297,0.1293,0.1281,0.1272,0.1266,0.126,0.1255,0.1248,0.1246,0.1234,0.1229,0.1223,0.1215,0.1201,0.1197,0.1193,0.1188,0.1173,0.1164,0.1167,0.1158,0.1157,0.1148,0.1133,0.1133,0.1131,0.1121,0.1114,0.1117,0.1106,0.11,0.1089,0.1092,0.1087,0.1079,0.1075,0.107,0.1067,0.1067,0.1058,0.1047,0.105,0.1037,0.1035,0.1038,0.103,0.1025,0.1018,0.1016,0.1009,0.1011,0.1007,0.0997,0.099,0.099,0.0982,0.0974,0.0975,0.097,0.098,0.0968,0.0956,0.095,0.096,0.0947,0.0938,0.0934,0.0927,0.0927,0.0927,0.092,0.0906,0.0916,0.0909,0.0892,0.0897,0.0904,0.0895,0.0891,0.0873,0.0876,0.0876,0.0873,0.087,0.0879,0.0867,0.0863,0.0863,0.0854,0.0855,0.0843,0.0847,0.0843,0.0828,0.0834,0.0836,0.0833,0.0829,0.0823,0.0821,0.0822,0.0827,0.0827,0.0816,0.082,0.0822,0.08,0.0806,0.0804,0.0807,0.0802,0.0804,0.0796,0.0803,0.0797,0.0787,0.0781,0.0788,0.0782,0.0786,0.078,0.0786,0.0774,0.0772,0.0772,0.0762,0.0761,0.0754,0.0762,0.0748,0.0741,0.0759,0.0756,0.0746,0.0738,0.0736,0.0735,0.0734,0.0746,0.0735,0.0739,0.0716,0.0721,0.073,0.0718,0.0728,0.0716,0.0722,0.0712,0.0715,0.0705,0.0714,0.0704,0.0708,0.0706,0.0697,0.0687,0.068,0.0693,0.0691,0.07,0.0685,0.0686,0.068,0.0692,0.0688,0.068,0.0673,0.0664,0.0678,0.0682,0.0684,0.0693,0.0686,0.0695,0.0695,0.07,0.0692,0.0704,0.0703,0.0716,0.0723,0.0732,0.0725,0.0725,0.0735,0.0752,0.0747,0.0743,0.076,0.0772,0.0757,0.0774,0.076,0.0761,0.0749,0.0746,0.0739,0.075,0.075,0.0726,0.0739,0.0728,0.0725,0.0721,0.071,0.0711,0.0705,0.0699,0.0679,0.0667,0.0644,0.0642,0.0648,0.066,0.062,0.0621,0.0653,0.0641,0.0618,0.0644,0.0609,0.0605,0.0613,0.0587,0.0626,0.0614,0.0598,0.0612,0.0655,0.0608,0.0637,0.0641,0.0632,0.0622,1.220871875319305e-07
6,3.452,3.4882,3.5372,3.3138,3.5221,3.3616,3.3619,3.3314,3.8586,3.3854,3.4148,3.8799,3.4263,4.0,3.9311,3.7902,3.4086,3.5908,3.8442,4.0,3.8874,3.5146,3.587,3.8198,3.8312,3.8418,3.1492,2.6684,2.1038,1.7962,1.6566,1.5814,1.5224,1.4895,1.4557,1.4155,1.4001,1.3797,1.3077,1.2107,1.1214,1.0441,0.9839,0.9486,0.934,0.9311,0.9345,0.9397,0.9454,0.9518,0.9555,0.957,0.9593,0.9636,0.9674,0.9747,0.9844,0.9934,1.0003,1.0081,1.0139,1.0158,1.0164,1.0147,1.0088,0.9971,0.9848,0.9692,0.9509,0.9271,0.9019,0.875,0.845,0.8145,0.7808,0.7455,0.7111,0.6762,0.6371,0.6025,0.5693,0.5393,0.5102,0.4798,0.449,0.4229,0.3952,0.3739,0.353,0.336,0.3204,0.3032,0.2904,0.2787,0.2674,0.2581,0.2492,0.2429,0.2367,0.2312,0.2256,0.2212,0.2179,0.215,0.2115,0.2091,0.2066,0.2034,0.2022,0.1998,0.1986,0.1959,0.1947,0.1928,0.191,0.1891,0.1873,0.1861,0.1848,0.1835,0.1818,0.1803,0.1785,0.1773,0.1766,0.1752,0.1742,0.1722,0.1708,0.1695,0.1684,0.1671,0.1663,0.1645,0.1645,0.1623,0.1609,0.1597,0.159,0.1577,0.1563,0.1553,0.1548,0.1539,0.153,0.1515,0.1508,0.1496,0.1488,0.1471,0.1467,0.1456,0.1449,0.1439,0.1426,0.1419,0.1409,0.1401,0.139,0.1386,0.1376,0.1368,0.1358,0.1354,0.1342,0.1328,0.1328,0.132,0.1313,0.1303,0.1294,0.1289,0.1278,0.1275,0.1269,0.1263,0.1252,0.1248,0.1241,0.1231,0.1231,0.122,0.1214,0.1203,0.1193,0.1194,0.1187,0.118,0.1176,0.1167,0.1163,0.1157,0.1153,0.1142,0.1142,0.1138,0.1124,0.1122,0.1116,0.1113,0.11,0.1104,0.1095,0.1093,0.1092,0.1083,0.1072,0.1077,0.106,0.1059,0.1061,0.1052,0.1051,0.1038,0.1034,0.1029,0.1032,0.1022,0.1015,0.1011,0.101,0.1006,0.0996,0.099,0.0989,0.0995,0.0981,0.097,0.0974,0.0968,0.0962,0.0956,0.0949,0.0943,0.0948,0.0942,0.094,0.0924,0.0938,0.0921,0.0919,0.0915,0.0911,0.0909,0.0914,0.0896,0.0898,0.0888,0.0878,0.0881,0.0888,0.088,0.0876,0.0868,0.0877,0.0871,0.0849,0.0863,0.0851,0.0855,0.0849,0.085,0.085,0.0847,0.0841,0.0837,0.0837,0.0842,0.0837,0.0835,0.0831,0.0832,0.0823,0.082,0.0813,0.0822,0.0814,0.0805,0.0805,0.0813,0.0801,0.0796,0.08,0.0798,0.0787,0.0788,0.0785,0.0794,0.0786,0.0775,0.0772,0.076,0.0766,0.0762,0.0762,0.0754,0.0747,0.076,0.0758,0.0746,0.0739,0.0745,0.0753,0.0742,0.0747,0.0738,0.0737,0.0733,0.0741,0.0733,0.0731,0.0737,0.0731,0.0734,0.0718,0.0727,0.0726,0.0723,0.0716,0.0719,0.0716,0.0703,0.0706,0.0689,0.0698,0.0703,0.0704,0.0691,0.0701,0.0685,0.0705,0.0689,0.0698,0.0692,0.0682,0.0698,0.0706,0.0705,0.0714,0.0702,0.0711,0.071,0.0711,0.0714,0.0714,0.0718,0.0731,0.0739,0.0752,0.0745,0.075,0.0749,0.0761,0.077,0.0772,0.0788,0.0784,0.0781,0.0791,0.0781,0.0781,0.077,0.0767,0.0756,0.0771,0.0753,0.0753,0.0781,0.0741,0.0747,0.0741,0.0733,0.0735,0.0714,0.0699,0.0714,0.0692,0.0666,0.0664,0.0665,0.0676,0.0632,0.0633,0.0663,0.0652,0.064,0.0648,0.063,0.0643,0.0635,0.064,0.0622,0.0625,0.0621,0.0614,0.0653,0.0613,0.0611,0.0654,0.064,0.064,6.104359376596524e-08
7,3.4689,3.8048,3.2362,3.1828,3.5064,3.1401,3.8443,3.2291,3.5607,3.8667,3.6003,3.4153,3.4279,3.8804,3.974,3.808,3.6252,3.4542,3.5807,3.6247,3.6361,3.5614,3.957,3.5699,3.9042,3.6071,3.6066,3.4518,3.2161,2.7745,2.4567,2.2376,2.0831,2.006,1.9448,1.888,1.8553,1.7917,1.6753,1.5517,1.411,1.2934,1.1961,1.1143,1.0488,0.9769,0.9273,0.8822,0.8428,0.8041,0.7587,0.7113,0.6744,0.6384,0.6118,0.595,0.5746,0.5611,0.549,0.5394,0.5284,0.5183,0.5117,0.5045,0.4972,0.489,0.4824,0.4762,0.4704,0.4633,0.4576,0.4515,0.4457,0.4406,0.4357,0.4307,0.4256,0.4204,0.4154,0.4114,0.4067,0.4031,0.399,0.3956,0.3904,0.3856,0.3815,0.3773,0.3734,0.3701,0.3661,0.3625,0.3589,0.3554,0.3516,0.3485,0.3447,0.3413,0.3386,0.3356,0.3322,0.3291,0.3263,0.3236,0.3204,0.3178,0.3153,0.3122,0.3093,0.3068,0.3041,0.3022,0.2997,0.297,0.2941,0.2924,0.2897,0.2876,0.2852,0.283,0.2808,0.2792,0.2772,0.2748,0.2725,0.2708,0.2684,0.2666,0.2646,0.2628,0.2604,0.2591,0.2569,0.2555,0.2538,0.2516,0.2496,0.248,0.2464,0.2444,0.2425,0.2409,0.2395,0.2384,0.237,0.2353,0.234,0.2325,0.2311,0.2288,0.2276,0.226,0.2247,0.2235,0.2216,0.2209,0.219,0.2179,0.2159,0.2151,0.2136,0.2125,0.2109,0.2095,0.2084,0.2075,0.2063,0.2055,0.2042,0.2028,0.2015,0.2003,0.1993,0.1981,0.1972,0.196,0.1947,0.194,0.1924,0.192,0.1903,0.1897,0.1883,0.1876,0.1862,0.1857,0.1846,0.1832,0.1827,0.1813,0.1806,0.1792,0.1782,0.1777,0.1769,0.1758,0.1742,0.1741,0.1729,0.172,0.1713,0.1705,0.1694,0.1689,0.1679,0.1668,0.166,0.165,0.1645,0.1638,0.1626,0.1616,0.1609,0.1603,0.1599,0.1595,0.1583,0.1576,0.1574,0.1555,0.1552,0.1552,0.154,0.153,0.1518,0.1516,0.1516,0.1504,0.1494,0.1488,0.1481,0.148,0.1462,0.146,0.1453,0.1444,0.1443,0.1428,0.1429,0.1424,0.1412,0.1403,0.1403,0.1397,0.1388,0.1381,0.1379,0.1377,0.1371,0.1368,0.1358,0.1354,0.1346,0.1345,0.133,0.1326,0.1328,0.1324,0.1314,0.1309,0.1302,0.1301,0.1297,0.1288,0.1281,0.1282,0.1279,0.1276,0.1264,0.1267,0.1264,0.1261,0.1253,0.1246,0.1245,0.1239,0.1234,0.1233,0.1221,0.1215,0.1221,0.1207,0.121,0.1202,0.1199,0.1193,0.118,0.1185,0.1171,0.1155,0.117,0.1158,0.1153,0.1155,0.1133,0.1142,0.1131,0.1146,0.1141,0.1127,0.1122,0.1126,0.1122,0.1119,0.1108,0.1107,0.1104,0.1101,0.111,0.1105,0.1093,0.1085,0.1093,0.1091,0.1085,0.1076,0.1079,0.1075,0.107,0.1061,0.1059,0.1051,0.1051,0.1055,0.1048,0.103,0.1051,0.1024,0.1041,0.1043,0.1031,0.1027,0.1026,0.1032,0.102,0.1022,0.1005,0.1016,0.1013,0.1021,0.103,0.103,0.1036,0.1032,0.1039,0.1043,0.1045,0.1071,0.1062,0.1071,0.1065,0.1066,0.107,0.1084,0.109,0.1097,0.1089,0.1088,0.1088,0.1085,0.1086,0.1076,0.1068,0.1051,0.1061,0.1036,0.1025,0.1008,0.1018,0.1007,0.0991,0.0987,0.0981,0.0965,0.0961,0.096,0.0957,0.0945,0.0922,0.0949,0.0943,0.0925,0.0909,0.0889,0.0912,0.092,0.0904,0.0911,0.0878,0.09,0.0916,0.0906,0.0905,0.091,0.0903,0.0878,0.0919,0.0882,0.0911,0.0924,0.0913,0.0
7,3.7693,3.5055,3.3424,3.3298,3.3311,3.357,3.5402,3.5251,3.8578,3.8733,3.9012,3.5813,3.6102,3.8828,3.6661,3.8073,3.6115,3.4338,3.4011,3.613,3.6228,3.8496,4.0,3.8599,3.8732,3.5825,3.882,3.4354,3.2721,2.8413,2.5208,2.2981,2.1373,2.0611,2.0174,1.958,1.9246,1.8683,1.7519,1.6276,1.4891,1.3761,1.2823,1.2008,1.136,1.067,1.0205,0.9767,0.9418,0.9066,0.862,0.8159,0.7809,0.7479,0.7255,0.71,0.6948,0.6841,0.6744,0.6667,0.6584,0.6503,0.6445,0.6377,0.6307,0.6218,0.6134,0.6065,0.5979,0.5884,0.5797,0.5698,0.5612,0.5505,0.5417,0.5314,0.5219,0.5113,0.5003,0.4917,0.4812,0.473,0.4651,0.4569,0.4471,0.4377,0.4298,0.4219,0.415,0.4088,0.4019,0.3961,0.3905,0.3847,0.3797,0.375,0.3703,0.3659,0.3617,0.3582,0.3541,0.3503,0.3472,0.3439,0.3407,0.3378,0.3348,0.332,0.3286,0.3259,0.3229,0.3211,0.3183,0.3153,0.3131,0.3105,0.3079,0.3055,0.3035,0.3008,0.2985,0.2968,0.2945,0.2925,0.2901,0.2881,0.2858,0.2838,0.2814,0.2795,0.2774,0.2759,0.274,0.272,0.2702,0.2682,0.2662,0.264,0.2626,0.2606,0.2588,0.2566,0.2554,0.2541,0.2528,0.2504,0.2493,0.248,0.2462,0.2442,0.2427,0.2411,0.2398,0.2386,0.2367,0.2355,0.2341,0.2326,0.2311,0.23,0.2285,0.2272,0.2255,0.2243,0.2227,0.2221,0.2208,0.2194,0.2186,0.2173,0.2158,0.2143,0.2137,0.212,0.2111,0.2098,0.2085,0.2081,0.2062,0.2056,0.2044,0.2037,0.2025,0.2013,0.2001,0.1991,0.1983,0.1974,0.1959,0.1955,0.194,0.1928,0.1923,0.1913,0.1903,0.1893,0.1884,0.1873,0.1863,0.1854,0.1848,0.1838,0.1829,0.1821,0.1816,0.1802,0.1794,0.1784,0.1777,0.1771,0.1756,0.1751,0.1739,0.1731,0.1732,0.1725,0.1708,0.1711,0.1701,0.1689,0.1679,0.1677,0.1666,0.1658,0.1642,0.1648,0.1646,0.1628,0.1616,0.1615,0.1603,0.1604,0.1589,0.1579,0.1579,0.1572,0.1565,0.1553,0.1556,0.155,0.1538,0.1528,0.1531,0.1516,0.1514,0.1509,0.15,0.1497,0.1498,0.1487,0.1476,0.1474,0.1467,0.1468,0.1457,0.1446,0.1445,0.144,0.1428,0.1431,0.1422,0.142,0.1413,0.1411,0.1404,0.1403,0.1398,0.1395,0.1382,0.1385,0.1382,0.1376,0.1363,0.1356,0.1357,0.1349,0.135,0.1344,0.1329,0.1333,0.133,0.1321,0.1309,0.1309,0.1309,0.1303,0.1294,0.1299,0.1286,0.127,0.128,0.1267,0.1256,0.126,0.1248,0.1252,0.1248,0.1258,0.1242,0.124,0.1233,0.1249,0.1228,0.1218,0.1206,0.1212,0.1217,0.1218,0.1205,0.1199,0.1195,0.119,0.1194,0.1192,0.1183,0.1174,0.1174,0.1172,0.1165,0.1159,0.1158,0.1157,0.1149,0.1156,0.1154,0.1139,0.1138,0.1122,0.1143,0.1135,0.1136,0.1119,0.1119,0.1123,0.1124,0.1125,0.1115,0.1112,0.1108,0.1117,0.1131,0.1123,0.1132,0.1123,0.1132,0.1141,0.1137,0.1154,0.1161,0.1162,0.1156,0.1171,0.1169,0.1174,0.1173,0.1184,0.1185,0.1175,0.118,0.1177,0.1173,0.1161,0.1142,0.1132,0.1146,0.1124,0.1102,0.1094,0.1106,0.1084,0.1071,0.1071,0.1051,0.105,0.1061,0.1048,0.1025,0.102,0.1013,0.101,0.1004,0.0993,0.1006,0.0964,0.0989,0.0995,0.0989,0.0983,0.0958,0.097,0.0984,0.0986,0.0975,0.0964,0.0967,0.0948,0.0984,0.0978,0.0988,0.099,0.0969,1.0800020435516931e-08
7,3.2918,3.502,3.2371,3.1963,3.2165,3.355,3.5322,3.5247,3.568,3.5675,3.5858,3.88,3.5948,4.0,3.9717,3.804,3.4273,3.4363,3.5696,3.9031,3.8948,3.8338,3.9174,3.5322,3.5705,3.5751,3.8729,3.2164,3.1755,2.8045,2.4432,2.2538,2.0863,2.0043,1.9582,1.9019,1.8638,1.8077,1.689,1.5625,1.4331,1.3112,1.2187,1.1368,1.0673,1.0055,0.9498,0.9066,0.872,0.8334,0.7904,0.742,0.703,0.6728,0.6498,0.6306,0.6153,0.6028,0.5929,0.5828,0.5742,0.5651,0.5592,0.5521,0.5456,0.537,0.5295,0.5234,0.5161,0.5078,0.5011,0.4932,0.4859,0.4788,0.472,0.4647,0.4571,0.4495,0.4416,0.4358,0.4285,0.4227,0.4171,0.411,0.4036,0.3978,0.3907,0.3859,0.38,0.3753,0.3701,0.3655,0.3609,0.3565,0.3524,0.3484,0.3446,0.3408,0.3378,0.3346,0.3308,0.3276,0.3243,0.3216,0.3186,0.3158,0.3131,0.3103,0.3071,0.305,0.3022,0.3004,0.2978,0.295,0.2927,0.2906,0.2882,0.2859,0.2834,0.2813,0.2791,0.2773,0.2755,0.2731,0.2709,0.2691,0.2664,0.265,0.263,0.2609,0.2593,0.258,0.2561,0.2537,0.2521,0.2505,0.2484,0.2473,0.2451,0.2436,0.2414,0.2397,0.2386,0.2373,0.2362,0.2346,0.233,0.2317,0.2301,0.2283,0.2268,0.2253,0.2241,0.2231,0.221,0.2198,0.2187,0.2172,0.2158,0.2148,0.2135,0.2124,0.2103,0.2093,0.208,0.2073,0.206,0.2053,0.2043,0.2028,0.2016,0.2004,0.1994,0.1979,0.1973,0.1962,0.1948,0.1937,0.1925,0.1917,0.1905,0.19,0.1886,0.1878,0.1859,0.1855,0.1849,0.1843,0.1827,0.182,0.1811,0.1796,0.1788,0.1787,0.1774,0.1766,0.1759,0.1744,0.1733,0.1727,0.172,0.1711,0.1698,0.1699,0.1693,0.1679,0.1671,0.1662,0.1656,0.1645,0.1636,0.1627,0.1619,0.161,0.1614,0.1605,0.159,0.1584,0.1584,0.1566,0.1563,0.1555,0.1544,0.1539,0.1535,0.1527,0.1529,0.1512,0.1501,0.149,0.1494,0.1489,0.1476,0.147,0.1462,0.1456,0.1451,0.1441,0.1449,0.1436,0.1431,0.1416,0.1421,0.1407,0.1402,0.1397,0.1393,0.1387,0.1384,0.1378,0.137,0.1364,0.1359,0.1363,0.135,0.1341,0.1337,0.1339,0.1327,0.1323,0.1324,0.1315,0.1311,0.1306,0.13,0.1298,0.1294,0.1289,0.1277,0.1283,0.1279,0.1277,0.1268,0.1261,0.1261,0.1249,0.1247,0.1245,0.1233,0.1231,0.1244,0.1223,0.1222,0.1206,0.1208,0.1204,0.12,0.1203,0.119,0.1161,0.1189,0.1171,0.117,0.1173,0.1153,0.1159,0.1155,0.1158,0.1155,0.1154,0.1146,0.1147,0.1141,0.1133,0.1125,0.1132,0.1123,0.1119,0.1119,0.1119,0.1116,0.1102,0.1107,0.1108,0.1097,0.1092,0.1093,0.1085,0.1087,0.108,0.1081,0.1076,0.1073,0.1074,0.1079,0.1062,0.1056,0.1049,0.1059,0.1055,0.106,0.1054,0.1044,0.1048,0.1041,0.1043,0.1026,0.1034,0.103,0.1037,0.1054,0.1051,0.1054,0.1049,0.1061,0.1068,0.1063,0.1087,0.1087,0.1091,0.1092,0.1092,0.1102,0.1103,0.1107,0.1116,0.1112,0.1117,0.111,0.111,0.1109,0.1096,0.1089,0.1085,0.1086,0.1052,0.1037,0.1023,0.1027,0.1032,0.1011,0.1012,0.0987,0.0993,0.0987,0.0978,0.0982,0.0968,0.0957,0.0954,0.0956,0.0934,0.0949,0.0897,0.0923,0.0945,0.0917,0.0907,0.0909,0.0915,0.0934,0.0921,0.0923,0.0907,0.0909,0.0901,0.0926,0.0921,0.0933,0.0935,0.0918,5.4000102177584654e-09
7,3.7595,3.5024,3.3624,3.3166,3.5056,3.8327,3.535,3.5197,4.0,4.0,3.8903,3.5629,3.4185,3.5699,4.0,3.7889,3.5934,3.4132,3.5458,3.8765,3.5905,3.8105,4.0,3.5172,3.8324,3.8445,3.8461,3.8703,3.3163,3.2175,2.9317,2.7188,2.596,2.5181,2.5199,2.487,2.4787,2.4491,2.3753,2.2853,2.2057,2.1115,2.0384,1.9769,1.9556,1.9178,1.9087,1.9007,1.8987,1.9,1.8881,1.8848,1.8683,1.8748,1.8941,1.9149,1.9455,1.9821,2.0136,2.0393,2.0699,2.0822,2.0935,2.1026,2.0961,2.0862,2.0615,2.0394,1.9974,1.9543,1.9015,1.8388,1.7773,1.7082,1.6331,1.5597,1.4671,1.3854,1.2978,1.2257,1.1438,1.0761,1.0057,0.9308,0.8559,0.7854,0.7213,0.6683,0.6148,0.5723,0.5324,0.4928,0.4585,0.4286,0.4015,0.3806,0.3594,0.3427,0.3282,0.3152,0.3039,0.2939,0.2865,0.2797,0.2732,0.2679,0.2635,0.259,0.255,0.252,0.2493,0.2467,0.2446,0.2422,0.2398,0.2378,0.2355,0.2334,0.2317,0.2296,0.2278,0.2266,0.2249,0.2229,0.2211,0.2197,0.2179,0.2165,0.2142,0.213,0.2115,0.2104,0.2088,0.2071,0.2056,0.2043,0.2029,0.2014,0.2001,0.1987,0.1973,0.1958,0.1944,0.1938,0.193,0.1914,0.1904,0.1889,0.1877,0.1863,0.1851,0.1841,0.1825,0.1819,0.1797,0.1794,0.1782,0.1773,0.1757,0.1748,0.174,0.1732,0.1717,0.1703,0.1693,0.1687,0.1677,0.167,0.1664,0.1652,0.1644,0.1634,0.1627,0.1614,0.1613,0.1602,0.1587,0.1581,0.1569,0.1565,0.1555,0.1549,0.1542,0.1533,0.1522,0.1516,0.1513,0.1503,0.1494,0.1485,0.1476,0.1464,0.1459,0.1455,0.145,0.1438,0.1432,0.1423,0.1419,0.1412,0.1406,0.1403,0.1388,0.139,0.1384,0.1374,0.137,0.1364,0.1353,0.1343,0.1336,0.1332,0.1327,0.1316,0.1321,0.1315,0.1301,0.1302,0.1293,0.1284,0.1287,0.1286,0.1268,0.1267,0.1256,0.1257,0.126,0.1243,0.1236,0.1232,0.1227,0.123,0.1215,0.1218,0.1211,0.1203,0.1199,0.1176,0.1188,0.118,0.1169,0.1175,0.1166,0.1162,0.1154,0.1152,0.1149,0.1147,0.1155,0.1136,0.1134,0.1126,0.1131,0.1125,0.1119,0.111,0.1112,0.1106,0.1091,0.1101,0.1091,0.1092,0.1085,0.1081,0.1071,0.1076,0.1075,0.1075,0.1066,0.1064,0.1062,0.1064,0.1045,0.1043,0.1044,0.1037,0.1034,0.1038,0.1018,0.1031,0.1024,0.1016,0.1017,0.1008,0.101,0.0996,0.1005,0.101,0.0992,0.0972,0.0985,0.0981,0.0977,0.0974,0.095,0.0968,0.0964,0.0965,0.0962,0.0955,0.0956,0.0958,0.0951,0.0952,0.094,0.0932,0.0944,0.0935,0.0944,0.0932,0.0925,0.0924,0.0932,0.0925,0.0919,0.0912,0.0915,0.0905,0.0909,0.09,0.0898,0.0899,0.0895,0.0893,0.0892,0.0887,0.0889,0.0877,0.0903,0.0872,0.0874,0.0877,0.0867,0.088,0.0878,0.0872,0.0876,0.0865,0.0867,0.0874,0.0894,0.0889,0.0884,0.0879,0.0894,0.09,0.0902,0.0917,0.0916,0.0931,0.0934,0.0941,0.0933,0.0945,0.0943,0.0957,0.0972,0.0956,0.095,0.0948,0.095,0.0934,0.0942,0.0925,0.0929,0.0889,0.0877,0.0866,0.0882,0.087,0.0865,0.0855,0.085,0.0849,0.0848,0.0839,0.0822,0.0831,0.0809,0.0813,0.08,0.0805,0.0778,0.0772,0.0796,0.0797,0.0784,0.0797,0.0754,0.078,0.0793,0.078,0.078,0.0801,0.0791,0.0756,0.0818,0.0786,0.0796,0.0794,0.0781,1.728003269682709e-07
7,3.758,3.5066,3.3484,3.2994,3.3332,3.3618,4.0,3.516,3.855,4.0,3.596,3.5522,3.6033,3.8517,3.9358,3.7946,3.8964,3.5889,3.5442,4.0,3.5787,3.8149,3.5893,3.5234,3.5391,3.8485,3.5485,3.868,3.3216,2.9685,2.6333,2.4221,2.2766,2.204,2.1723,2.1317,2.1095,2.0749,1.9689,1.8571,1.7288,1.6488,1.5563,1.4862,1.4369,1.3885,1.3611,1.338,1.3171,1.2975,1.2693,1.2402,1.2185,1.203,1.1995,1.2017,1.2102,1.2196,1.23,1.2386,1.2484,1.2529,1.2574,1.2548,1.2509,1.2407,1.2271,1.2113,1.1907,1.1628,1.1357,1.1052,1.0665,1.03,0.9908,0.949,0.908,0.8648,0.8166,0.777,0.7359,0.7002,0.6622,0.6223,0.5839,0.5493,0.5157,0.4865,0.459,0.4361,0.4131,0.3934,0.3744,0.3576,0.3436,0.3316,0.3197,0.3095,0.301,0.2935,0.2866,0.2801,0.2753,0.2706,0.2663,0.2626,0.2594,0.2562,0.2528,0.2507,0.2478,0.2463,0.244,0.2413,0.2393,0.2374,0.2353,0.2334,0.2314,0.2299,0.228,0.2267,0.2251,0.2228,0.2213,0.2198,0.218,0.2163,0.2148,0.2132,0.2115,0.2107,0.2089,0.2074,0.2059,0.2044,0.2027,0.2017,0.2002,0.1986,0.1974,0.1959,0.1953,0.1938,0.193,0.1911,0.1904,0.1889,0.1879,0.1862,0.1851,0.1842,0.1831,0.1822,0.1804,0.1797,0.1788,0.1775,0.1764,0.175,0.1743,0.1734,0.172,0.1711,0.1703,0.1693,0.1682,0.1677,0.167,0.1656,0.1646,0.1637,0.163,0.162,0.1616,0.1606,0.1595,0.1583,0.1573,0.1567,0.1557,0.1556,0.1541,0.1537,0.1527,0.1525,0.1512,0.1505,0.1495,0.1488,0.1478,0.1471,0.1466,0.1462,0.1458,0.1446,0.1438,0.1428,0.1424,0.1418,0.1413,0.1407,0.1398,0.1388,0.1381,0.1379,0.1369,0.1367,0.1361,0.1356,0.1339,0.1332,0.1328,0.1326,0.1326,0.132,0.1314,0.1305,0.131,0.1287,0.1286,0.1288,0.1271,0.1274,0.1255,0.1256,0.1268,0.1249,0.1243,0.1241,0.1231,0.1232,0.1222,0.1214,0.1211,0.1208,0.12,0.119,0.1188,0.1187,0.1185,0.1173,0.1171,0.1161,0.1157,0.1156,0.1153,0.1154,0.1152,0.1144,0.1136,0.1134,0.1135,0.1134,0.112,0.1121,0.1112,0.1106,0.1095,0.1104,0.11,0.1093,0.1092,0.1083,0.1081,0.1084,0.1079,0.1081,0.1064,0.1074,0.1064,0.107,0.106,0.1052,0.1047,0.1047,0.1036,0.1042,0.1031,0.103,0.1037,0.1024,0.1022,0.1019,0.1011,0.1004,0.1005,0.0993,0.0999,0.0966,0.0987,0.0978,0.0971,0.0985,0.0961,0.0975,0.0963,0.0975,0.0964,0.0968,0.0957,0.0962,0.0954,0.0946,0.0941,0.0943,0.0943,0.0948,0.0936,0.0937,0.093,0.0926,0.093,0.0928,0.0923,0.0917,0.0914,0.0911,0.0915,0.0908,0.0901,0.0895,0.0885,0.0901,0.0897,0.0894,0.089,0.0889,0.0887,0.089,0.0885,0.088,0.0882,0.0886,0.0864,0.0874,0.0865,0.0879,0.0867,0.0883,0.0892,0.0893,0.0894,0.0896,0.0905,0.091,0.0907,0.092,0.0936,0.0937,0.0943,0.095,0.0948,0.0949,0.0943,0.0969,0.0964,0.0957,0.0966,0.0959,0.0947,0.0953,0.0935,0.0911,0.0922,0.0905,0.089,0.0878,0.0888,0.0886,0.0858,0.086,0.0843,0.0846,0.0847,0.0831,0.0842,0.0827,0.0806,0.0814,0.0825,0.0781,0.0793,0.0754,0.0803,0.0813,0.0774,0.0786,0.0758,0.0776,0.0801,0.0797,0.0791,0.0773,0.0781,0.0768,0.0803,0.0786,0.0807,0.0806,0.0794,8.640016348413545e-08
7,3.4602,3.5085,3.5127,3.1858,3.5126,3.3632,3.5307,3.5195,3.8486,3.5442,4.0,4.0,3.5882,3.8591,4.0,3.4873,3.9068,3.5998,3.5414,3.5779,3.5943,3.8115,3.5923,3.5138,3.8343,3.8382,3.8345,3.8748,3.1493,2.7721,2.5247,2.3143,2.1696,2.074,2.0371,1.9859,1.9523,1.9182,1.7963,1.68,1.5463,1.4397,1.3501,1.2727,1.2138,1.1539,1.1135,1.0794,1.0497,1.0214,0.9855,0.9483,0.9174,0.894,0.8798,0.8724,0.8681,0.8668,0.8656,0.8661,0.8662,0.8635,0.8616,0.8592,0.853,0.8438,0.8332,0.8237,0.8091,0.7932,0.7759,0.7554,0.7361,0.7149,0.6931,0.67,0.6453,0.6206,0.5946,0.5737,0.5494,0.5293,0.5075,0.4869,0.4639,0.4449,0.4252,0.4083,0.3912,0.3791,0.3657,0.3546,0.3436,0.3337,0.3239,0.3161,0.309,0.3025,0.2969,0.2918,0.2868,0.2822,0.2783,0.2752,0.2712,0.2686,0.266,0.2623,0.2592,0.2577,0.2551,0.2531,0.2508,0.2485,0.2466,0.2447,0.2426,0.2407,0.2389,0.2367,0.2349,0.2339,0.2317,0.23,0.2281,0.2268,0.2249,0.2232,0.2214,0.2199,0.2181,0.2172,0.2163,0.2141,0.2129,0.2112,0.2093,0.2078,0.2067,0.2051,0.2035,0.202,0.2013,0.2003,0.1992,0.1974,0.1967,0.1955,0.1942,0.1922,0.1912,0.1901,0.189,0.1879,0.1864,0.1857,0.1844,0.1832,0.182,0.1807,0.18,0.1786,0.1775,0.1763,0.1751,0.1751,0.1736,0.1731,0.1723,0.171,0.1704,0.1691,0.1684,0.1672,0.1666,0.1656,0.1648,0.1635,0.1628,0.1621,0.1606,0.1604,0.16,0.1589,0.1578,0.1573,0.1571,0.1553,0.1552,0.1543,0.1524,0.1523,0.1508,0.151,0.15,0.1492,0.1493,0.1478,0.1472,0.1462,0.1456,0.1451,0.1441,0.1436,0.1431,0.1422,0.1415,0.1407,0.1403,0.1399,0.1384,0.1381,0.1371,0.1364,0.1365,0.1367,0.1354,0.1346,0.134,0.1328,0.1328,0.1329,0.1313,0.1308,0.13,0.1305,0.1308,0.1294,0.1283,0.1278,0.1277,0.1271,0.1256,0.1259,0.1251,0.1245,0.1245,0.1227,0.1231,0.1228,0.1228,0.1212,0.1212,0.1205,0.12,0.1197,0.1185,0.1194,0.1191,0.1181,0.1176,0.1167,0.1164,0.117,0.1156,0.1151,0.1152,0.1148,0.1136,0.1134,0.1132,0.114,0.1135,0.1128,0.1116,0.1116,0.1112,0.1105,0.1099,0.1098,0.11,0.1104,0.1095,0.1082,0.1079,0.1078,0.1078,0.1075,0.1065,0.1059,0.1065,0.1051,0.1053,0.1046,0.1046,0.1041,0.1033,0.1038,0.1025,0.1002,0.1022,0.1017,0.1002,0.1008,0.1001,0.1,0.0995,0.1006,0.0998,0.1005,0.0992,0.0996,0.0992,0.0978,0.0983,0.0978,0.0976,0.0975,0.0977,0.0965,0.0963,0.0961,0.0967,0.0965,0.0956,0.095,0.0946,0.0948,0.0947,0.0933,0.0942,0.0931,0.0939,0.0931,0.0933,0.0931,0.0931,0.0918,0.0926,0.0916,0.0924,0.092,0.0921,0.0917,0.0898,0.0917,0.0909,0.0908,0.0906,0.0906,0.0918,0.0925,0.0923,0.0928,0.093,0.0933,0.0934,0.095,0.0955,0.0965,0.0965,0.097,0.0983,0.0975,0.0975,0.0991,0.0997,0.0987,0.0989,0.0987,0.0982,0.0974,0.0959,0.0962,0.0946,0.0925,0.093,0.0903,0.091,0.0904,0.0892,0.0895,0.0897,0.088,0.0875,0.0863,0.0856,0.0859,0.0849,0.0842,0.0834,0.0828,0.0809,0.0811,0.08,0.0808,0.081,0.0809,0.0774,0.0809,0.0825,0.0813,0.0822,0.0804,0.081,0.079,0.0826,0.0813,0.0835,0.0829,0.0797,4.3200081742067724e-08
7,3.455,3.4955,3.222,3.3115,3.5123,3.2401,3.2311,3.8299,3.8516,3.844,3.5798,4.0,3.4089,3.8804,4.0,3.4871,3.5901,3.5947,3.3676,3.5752,3.5794,3.5094,4.0,3.8107,3.5369,3.8439,3.5411,3.2741,3.0827,2.7137,2.4302,2.2168,2.0704,1.993,1.9381,1.8848,1.8495,1.7961,1.6815,1.5712,1.4278,1.3161,1.2185,1.1435,1.0834,1.0208,0.9768,0.9333,0.9049,0.8702,0.8282,0.7908,0.7566,0.7294,0.7094,0.6966,0.6854,0.6785,0.6726,0.6685,0.6637,0.6578,0.654,0.6486,0.6434,0.6354,0.6267,0.6189,0.6092,0.5972,0.5857,0.5736,0.561,0.5483,0.5355,0.5211,0.5059,0.4913,0.4759,0.4627,0.449,0.4373,0.4243,0.4122,0.399,0.3866,0.3756,0.3642,0.355,0.3467,0.3386,0.3304,0.3234,0.3167,0.3105,0.3055,0.3001,0.2952,0.2909,0.2872,0.2837,0.2797,0.2765,0.2735,0.2705,0.268,0.2655,0.263,0.2602,0.2579,0.2553,0.254,0.2518,0.2494,0.2473,0.2452,0.2434,0.2414,0.2397,0.2374,0.2354,0.2343,0.2327,0.2305,0.2287,0.2274,0.2256,0.2242,0.2222,0.2205,0.2192,0.2176,0.2166,0.2143,0.2124,0.2115,0.2097,0.2089,0.207,0.2057,0.2041,0.2023,0.2018,0.2007,0.1999,0.1981,0.197,0.1956,0.1948,0.1926,0.1914,0.1902,0.1889,0.1882,0.1866,0.186,0.1847,0.1835,0.1823,0.1817,0.1804,0.1795,0.1779,0.1769,0.1758,0.1754,0.1743,0.1734,0.1726,0.1715,0.1707,0.1694,0.1688,0.168,0.1671,0.1664,0.1649,0.1639,0.163,0.1626,0.1613,0.1609,0.1598,0.1592,0.158,0.1573,0.157,0.1554,0.1545,0.1539,0.1528,0.1514,0.1511,0.1513,0.1503,0.1495,0.1484,0.148,0.1475,0.146,0.1459,0.1448,0.1444,0.1437,0.1433,0.1421,0.1413,0.1405,0.14,0.1396,0.1385,0.138,0.1373,0.1372,0.1365,0.1364,0.1347,0.1348,0.1347,0.1333,0.1328,0.1332,0.1316,0.1312,0.1306,0.1298,0.1307,0.1291,0.1284,0.1282,0.1275,0.1273,0.1261,0.1256,0.125,0.1247,0.1242,0.1232,0.1226,0.1222,0.1221,0.1217,0.1206,0.1204,0.1195,0.1191,0.1187,0.1186,0.1186,0.1176,0.1171,0.1164,0.1158,0.1158,0.1152,0.1143,0.1139,0.1147,0.113,0.1127,0.1126,0.1126,0.1125,0.1111,0.1101,0.1111,0.1105,0.1105,0.1094,0.1095,0.109,0.1088,0.1087,0.1069,0.1076,0.1068,0.1065,0.1068,0.1054,0.1062,0.1061,0.1054,0.104,0.1041,0.1035,0.1032,0.1032,0.1032,0.1015,0.0999,0.1017,0.1006,0.1001,0.1006,0.0988,0.0992,0.0994,0.0996,0.0988,0.0985,0.0987,0.0996,0.0981,0.0973,0.0966,0.0964,0.0971,0.0977,0.0974,0.0961,0.0964,0.0953,0.0961,0.0959,0.095,0.0941,0.0933,0.0945,0.0939,0.0928,0.0926,0.0936,0.0915,0.0926,0.0925,0.0914,0.0918,0.0898,0.0922,0.0913,0.0905,0.0907,0.0892,0.0905,0.0902,0.0898,0.0881,0.089,0.0899,0.0904,0.0914,0.0904,0.0911,0.0906,0.0914,0.0929,0.0924,0.0938,0.094,0.095,0.0949,0.0947,0.0958,0.0968,0.0961,0.0982,0.0973,0.0979,0.0966,0.0961,0.0967,0.096,0.0957,0.0937,0.0932,0.0922,0.0916,0.0892,0.0905,0.0896,0.0889,0.0885,0.086,0.0862,0.0889,0.0849,0.0834,0.0834,0.0832,0.081,0.0819,0.0831,0.0809,0.077,0.0803,0.0797,0.0789,0.0788,0.077,0.0775,0.0798,0.0818,0.0788,0.0791,0.0784,0.0771,0.0778,0.0799,0.0799,0.0812,0.0805,2.1600040871033862e-08
8,3.7737,3.5128,3.5393,3.3272,3.3332,3.3596,3.3626,3.3414,3.5669,3.5529,3.4246,3.5982,3.4349,3.5793,3.67,3.5151,3.6262,3.9332,3.5916,3.6278,3.9483,3.8628,3.4756,3.5752,4.0,3.6029,3.9135,3.4613,3.1416,2.7705,2.4866,2.2816,2.108,2.028,1.9758,1.9152,1.8781,1.8236,1.7257,1.5768,1.4468,1.3293,1.2311,1.1538,1.0842,1.0186,0.9644,0.9201,0.8819,0.8435,0.7986,0.7479,0.7118,0.6787,0.6523,0.6319,0.6138,0.6003,0.5891,0.5769,0.5671,0.5583,0.55,0.5428,0.5354,0.5267,0.52,0.5134,0.507,0.5,0.4938,0.4874,0.4818,0.476,0.4711,0.4658,0.4606,0.4554,0.4501,0.4452,0.4401,0.4359,0.432,0.4283,0.4226,0.418,0.413,0.4089,0.4045,0.4008,0.3968,0.3926,0.3892,0.3852,0.3813,0.378,0.3742,0.371,0.3678,0.3643,0.361,0.3575,0.355,0.3521,0.3486,0.3455,0.343,0.3397,0.337,0.3343,0.3313,0.3289,0.3266,0.3239,0.3215,0.3184,0.3165,0.3133,0.3112,0.3086,0.3061,0.3043,0.3015,0.2993,0.2973,0.2953,0.2929,0.2909,0.2886,0.2868,0.2844,0.2821,0.2805,0.2786,0.2762,0.274,0.2724,0.2703,0.2686,0.2659,0.2643,0.2623,0.2608,0.2596,0.2573,0.256,0.2545,0.2523,0.2505,0.2489,0.2479,0.2457,0.2443,0.2428,0.2409,0.2395,0.2381,0.2365,0.2345,0.2335,0.2322,0.2306,0.2292,0.2277,0.2265,0.2254,0.224,0.2227,0.2218,0.2201,0.2185,0.2175,0.2162,0.2152,0.2141,0.2128,0.2118,0.2101,0.2085,0.2075,0.2066,0.2053,0.2038,0.2034,0.2021,0.2012,0.1998,0.1984,0.1979,0.1965,0.1957,0.1947,0.1936,0.1927,0.1918,0.1908,0.1893,0.1883,0.1874,0.1866,0.1859,0.1851,0.1838,0.1826,0.1826,0.1811,0.1795,0.1792,0.1785,0.1775,0.177,0.1752,0.1753,0.1748,0.1737,0.1727,0.1721,0.1711,0.1702,0.1697,0.1681,0.1677,0.1669,0.1664,0.1657,0.1644,0.1636,0.1627,0.1626,0.1614,0.1606,0.1602,0.1592,0.1583,0.1576,0.1574,0.1571,0.1558,0.1555,0.1548,0.1543,0.1534,0.1527,0.1528,0.1516,0.1508,0.1509,0.1494,0.1489,0.1482,0.1475,0.1472,0.1472,0.1458,0.1465,0.145,0.1449,0.1432,0.1434,0.1427,0.1426,0.1409,0.1409,0.1402,0.1399,0.1398,0.1391,0.1392,0.1378,0.1383,0.1371,0.1366,0.136,0.1358,0.1355,0.1357,0.1347,0.1341,0.1324,0.132,0.1318,0.1317,0.1315,0.1298,0.1291,0.1295,0.1291,0.1279,0.1278,0.1269,0.1262,0.1248,0.1258,0.1253,0.124,0.1229,0.1239,0.1238,0.1226,0.1221,0.1217,0.1212,0.1206,0.1209,0.1199,0.1204,0.1204,0.1201,0.1185,0.1194,0.1184,0.1176,0.117,0.1175,0.1165,0.1164,0.1154,0.1151,0.1151,0.114,0.1144,0.1133,0.1134,0.1131,0.1121,0.1114,0.1105,0.113,0.1087,0.11,0.1108,0.1109,0.1103,0.1118,0.1104,0.1102,0.1108,0.1096,0.1096,0.1098,0.1104,0.1105,0.1107,0.1097,0.1116,0.1115,0.1113,0.1132,0.1135,0.1134,0.1144,0.1143,0.1142,0.1151,0.1154,0.1141,0.1167,0.1162,0.1159,0.1166,0.1148,0.1131,0.1124,0.1126,0.11,0.1083,0.1094,0.1078,0.107,0.1071,0.1054,0.1048,0.1015,0.1031,0.1026,0.1014,0.0993,0.1013,0.0985,0.0961,0.0988,0.0996,0.0988,0.0964,0.0957,0.0977,0.0934,0.0964,0.0966,0.0962,0.0978,0.0953,0.0948,0.0956,0.0941,0.0926,0.0929,0.0972,0.0967,0.095,0.0945,0.0
8,3.7721,3.5033,3.5306,3.8131,3.3417,3.3649,3.2376,3.357,3.8713,3.386,3.8885,4.0,3.9129,3.8676,3.6697,3.8049,3.9187,3.9073,3.8765,3.913,4.0,3.8453,3.6355,3.5593,4.0,3.891,3.8904,3.6128,3.1971,2.8766,2.6132,2.3793,2.2102,2.139,2.082,2.036,2.0103,1.9672,1.8666,1.7323,1.6114,1.4961,1.403,1.3297,1.2667,1.2064,1.1607,1.1265,1.0956,1.062,1.0248,0.9853,0.9508,0.9253,0.9068,0.8951,0.8881,0.884,0.8802,0.8774,0.8753,0.8703,0.8677,0.862,0.8563,0.8466,0.8376,0.8271,0.8152,0.8003,0.7841,0.7669,0.7497,0.7309,0.7129,0.6932,0.6707,0.6502,0.6283,0.6081,0.5886,0.5704,0.5541,0.5348,0.5147,0.4983,0.4788,0.4639,0.4506,0.4374,0.4268,0.4145,0.4039,0.3952,0.3862,0.3789,0.3714,0.3652,0.3596,0.3539,0.3489,0.344,0.3398,0.3362,0.3319,0.3286,0.3257,0.3216,0.3186,0.3157,0.3126,0.31,0.3078,0.3051,0.3029,0.2994,0.2977,0.2946,0.2927,0.2901,0.2876,0.2856,0.283,0.281,0.2786,0.2768,0.275,0.2724,0.2703,0.2687,0.2665,0.2643,0.2626,0.2609,0.2588,0.2563,0.2548,0.253,0.2509,0.249,0.2472,0.2453,0.2441,0.2424,0.241,0.2394,0.2381,0.236,0.2344,0.2325,0.2312,0.2293,0.2278,0.2264,0.2247,0.2234,0.2222,0.2206,0.219,0.2176,0.2164,0.2151,0.2136,0.2122,0.2114,0.2101,0.209,0.2075,0.207,0.205,0.2036,0.2027,0.2017,0.2006,0.1999,0.1983,0.197,0.1957,0.1945,0.1934,0.1923,0.1907,0.19,0.1897,0.188,0.1872,0.1861,0.1844,0.1834,0.183,0.1822,0.1805,0.1796,0.1792,0.1784,0.1777,0.1759,0.1753,0.1736,0.1737,0.1728,0.1719,0.171,0.1702,0.1693,0.1684,0.1667,0.1664,0.1653,0.1647,0.1639,0.1629,0.1625,0.1618,0.1612,0.1599,0.1591,0.1583,0.1576,0.1573,0.1566,0.1552,0.1549,0.154,0.1533,0.152,0.1517,0.1506,0.1501,0.1492,0.1485,0.148,0.1472,0.1468,0.1462,0.1456,0.1445,0.1445,0.1438,0.143,0.1424,0.1416,0.1407,0.1408,0.1401,0.1388,0.1386,0.1387,0.1375,0.1367,0.1361,0.136,0.1355,0.1341,0.135,0.1333,0.134,0.1319,0.1317,0.1318,0.1312,0.1297,0.1301,0.1294,0.1286,0.1285,0.1283,0.1278,0.1271,0.1278,0.1269,0.1256,0.1252,0.1253,0.1248,0.1252,0.1239,0.1241,0.1221,0.122,0.1222,0.122,0.1204,0.1194,0.1189,0.1196,0.1189,0.1178,0.1177,0.1174,0.1156,0.1143,0.115,0.1153,0.114,0.1145,0.1143,0.1137,0.114,0.1119,0.1123,0.1111,0.1108,0.1113,0.1107,0.1111,0.1104,0.1105,0.1086,0.1103,0.1092,0.1085,0.1085,0.1081,0.1077,0.1076,0.1067,0.1062,0.1057,0.1052,0.106,0.1049,0.1043,0.1045,0.1045,0.1043,0.1031,0.1051,0.1006,0.1028,0.103,0.102,0.1018,0.1029,0.1024,0.102,0.1033,0.1004,0.1016,0.102,0.1021,0.1019,0.102,0.1017,0.1028,0.1033,0.1029,0.1047,0.1059,0.1053,0.1064,0.1061,0.1064,0.107,0.1069,0.1059,0.1075,0.1073,0.1085,0.1083,0.1062,0.1044,0.1045,0.1033,0.103,0.1009,0.1012,0.0998,0.0995,0.0983,0.0979,0.0985,0.0951,0.0974,0.0962,0.0944,0.0924,0.0918,0.09,0.0894,0.0912,0.0907,0.0903,0.0865,0.0898,0.0908,0.0883,0.0897,0.0871,0.0892,0.0907,0.0885,0.0882,0.088,0.0878,0.0881,0.0886,0.0881,0.0882,0.0882,0.0871,3.005223077709058e-08
8,3.763,3.7838,3.5384,3.815,3.509,3.2377,3.3598,3.5294,3.8627,3.5388,3.4137,3.5824,3.4222,3.8732,3.6619,3.2052,3.6178,3.6147,3.5647,3.8974,3.9072,4.0,3.4458,3.81,4.0,3.8753,3.574,3.6027,3.1747,2.7947,2.5364,2.3076,2.1574,2.0575,2.0078,1.9563,1.9286,1.8778,1.7633,1.6418,1.5099,1.3902,1.2939,1.2258,1.1589,1.0905,1.0431,1.0015,0.9693,0.9342,0.8934,0.8479,0.8141,0.7824,0.7603,0.7446,0.7322,0.7224,0.7162,0.7094,0.7028,0.6973,0.6912,0.6848,0.6777,0.6695,0.6608,0.6532,0.6443,0.6332,0.622,0.6115,0.5992,0.5876,0.5756,0.5633,0.5495,0.536,0.5218,0.5104,0.498,0.4872,0.4762,0.4653,0.4528,0.4416,0.4306,0.4208,0.4116,0.4036,0.3959,0.3882,0.3815,0.3752,0.3688,0.3637,0.3586,0.3535,0.3493,0.3449,0.3406,0.337,0.3336,0.3303,0.3266,0.324,0.3212,0.3177,0.3152,0.3125,0.3087,0.3072,0.3046,0.3019,0.2999,0.2966,0.295,0.2921,0.2901,0.2873,0.2853,0.2834,0.2812,0.2787,0.2769,0.2752,0.2727,0.2706,0.2688,0.2674,0.265,0.2629,0.2616,0.259,0.2574,0.2553,0.2537,0.252,0.2499,0.2479,0.2461,0.2444,0.2431,0.2416,0.24,0.2386,0.2373,0.2353,0.2337,0.2322,0.2308,0.2289,0.2275,0.2262,0.2248,0.2235,0.2221,0.2207,0.2188,0.2179,0.2165,0.2152,0.2139,0.2125,0.2113,0.2101,0.2091,0.2078,0.2071,0.2055,0.2038,0.2029,0.2018,0.2009,0.2001,0.1987,0.1978,0.1963,0.195,0.194,0.1931,0.1916,0.191,0.1902,0.1883,0.1877,0.1866,0.1859,0.1847,0.1838,0.1828,0.1822,0.1814,0.1802,0.1787,0.1782,0.1765,0.1762,0.1751,0.1747,0.1747,0.1731,0.1716,0.1711,0.1702,0.1695,0.1681,0.1678,0.1667,0.1658,0.1655,0.1645,0.1639,0.1636,0.1622,0.1613,0.1609,0.1602,0.1589,0.1591,0.1575,0.1569,0.1562,0.1554,0.1554,0.154,0.1524,0.1526,0.152,0.1511,0.15,0.1496,0.1494,0.1482,0.1479,0.1468,0.147,0.1454,0.1462,0.1445,0.144,0.1436,0.1424,0.1421,0.1422,0.1406,0.1408,0.1399,0.1395,0.1389,0.1385,0.138,0.137,0.1366,0.1369,0.1354,0.1362,0.1343,0.1342,0.1337,0.1336,0.1323,0.1322,0.1319,0.1316,0.1316,0.1305,0.1303,0.1299,0.1298,0.1288,0.1282,0.1278,0.1277,0.1272,0.1271,0.1255,0.1258,0.1253,0.1243,0.1242,0.1237,0.1231,0.1222,0.1222,0.1223,0.122,0.1201,0.1206,0.1191,0.1192,0.1186,0.1166,0.1179,0.1173,0.1167,0.1175,0.1167,0.1156,0.1154,0.1144,0.1133,0.115,0.1143,0.1139,0.1138,0.1134,0.1129,0.1123,0.1124,0.1117,0.1117,0.1117,0.111,0.1107,0.1106,0.1097,0.1091,0.1095,0.1082,0.1089,0.1081,0.1071,0.1077,0.1085,0.1059,0.1069,0.1077,0.1048,0.105,0.1065,0.106,0.1057,0.1064,0.1053,0.107,0.106,0.1045,0.1048,0.1045,0.1063,0.1054,0.1059,0.1065,0.1069,0.1069,0.1064,0.1084,0.1094,0.1088,0.1101,0.1108,0.1096,0.1101,0.1105,0.1093,0.1126,0.1121,0.1114,0.1116,0.1106,0.1087,0.1078,0.1082,0.1051,0.1046,0.105,0.1032,0.103,0.1022,0.1024,0.1015,0.0987,0.0997,0.0999,0.0973,0.0965,0.0962,0.0931,0.0949,0.0943,0.0957,0.0948,0.0916,0.0932,0.0929,0.091,0.0923,0.0918,0.0926,0.0947,0.0925,0.0923,0.0911,0.0907,0.0912,0.0903,0.0918,0.0927,0.0918,0.0921,1.502611538854529e-08
8,3.76,3.7762,3.513,4.0,3.3259,3.3649,3.3627,3.5206,3.5532,3.8529,3.2808,3.5793,3.891,4.0,3.9514,3.3127,3.9044,3.8915,3.8563,3.8832,4.0,3.8159,3.5891,3.507,4.0,4.0,4.0,3.5754,3.4503,3.4327,3.588,3.0833,2.9077,2.8745,2.8541,2.7799,2.822,2.8426,2.8721,2.7375,2.6808,2.5968,2.5536,2.5033,2.4919,2.4719,2.4711,2.5082,2.5347,2.5269,2.5572,2.5651,2.5701,2.5778,2.6176,2.6427,2.7074,2.7532,2.7856,2.8972,2.9177,2.9268,2.9741,2.8794,3.0168,2.9855,2.9189,2.9164,2.8177,2.7829,2.6819,2.6435,2.5001,2.4332,2.325,2.2122,2.0935,1.9841,1.8423,1.7214,1.618,1.5011,1.3801,1.2698,1.1683,1.0706,0.9661,0.8853,0.8087,0.7387,0.6785,0.6215,0.5693,0.5234,0.484,0.4539,0.4216,0.3944,0.3738,0.3566,0.339,0.3256,0.3148,0.305,0.2963,0.2895,0.2843,0.2777,0.2734,0.2697,0.2653,0.2627,0.2601,0.2571,0.2554,0.2523,0.2504,0.2477,0.2461,0.2439,0.2419,0.2403,0.2385,0.2363,0.2343,0.2333,0.2314,0.2295,0.2278,0.2265,0.2246,0.2228,0.222,0.2198,0.2186,0.2162,0.2154,0.2131,0.2119,0.2102,0.209,0.2073,0.2055,0.2048,0.2033,0.2022,0.2014,0.1992,0.1982,0.1968,0.1959,0.1945,0.1931,0.1917,0.1903,0.1894,0.1882,0.1873,0.1861,0.185,0.184,0.183,0.1819,0.1804,0.1801,0.179,0.1779,0.1767,0.1765,0.1749,0.1738,0.1729,0.1724,0.1713,0.171,0.1695,0.169,0.1674,0.1666,0.1655,0.1652,0.1638,0.1633,0.1624,0.1607,0.1606,0.1594,0.1586,0.1578,0.1569,0.1566,0.1554,0.1554,0.1542,0.153,0.1522,0.1516,0.1508,0.1499,0.1494,0.1491,0.1485,0.147,0.1464,0.1462,0.1451,0.144,0.1438,0.1431,0.1427,0.1417,0.1412,0.1411,0.1408,0.1393,0.1387,0.1377,0.138,0.1369,0.1364,0.1358,0.1346,0.134,0.1339,0.1333,0.1325,0.1321,0.1312,0.1311,0.1306,0.1296,0.1291,0.1293,0.1284,0.127,0.1263,0.1267,0.1262,0.1251,0.1251,0.1245,0.1239,0.1237,0.1229,0.1222,0.122,0.1221,0.1201,0.1208,0.1195,0.1191,0.1189,0.1189,0.1176,0.1187,0.1176,0.118,0.1167,0.1163,0.1162,0.1157,0.1147,0.1141,0.1141,0.1143,0.1134,0.1138,0.1126,0.1126,0.1129,0.112,0.111,0.1109,0.1109,0.1109,0.1104,0.1112,0.1094,0.1082,0.1083,0.1085,0.1075,0.1068,0.1069,0.1057,0.1063,0.1068,0.1059,0.1051,0.1036,0.1036,0.1014,0.1025,0.1029,0.1019,0.1017,0.1018,0.1023,0.1023,0.1006,0.1005,0.0996,0.1006,0.0998,0.0984,0.0977,0.099,0.0984,0.0975,0.0987,0.0975,0.0976,0.097,0.0971,0.0961,0.0967,0.0961,0.0952,0.0952,0.0942,0.0952,0.0937,0.0935,0.0941,0.0929,0.0938,0.0934,0.0929,0.0913,0.0908,0.0922,0.0915,0.0912,0.0939,0.0917,0.092,0.0914,0.093,0.0916,0.0916,0.0925,0.0928,0.0929,0.0924,0.0932,0.094,0.0933,0.095,0.0965,0.0968,0.0972,0.0972,0.097,0.0983,0.0982,0.0975,0.0994,0.1001,0.1008,0.0993,0.0986,0.0968,0.0954,0.0953,0.0941,0.0921,0.0936,0.0929,0.0919,0.0912,0.0908,0.0898,0.0864,0.0887,0.0865,0.0869,0.086,0.0854,0.083,0.0821,0.0838,0.0849,0.0822,0.0807,0.0803,0.082,0.0814,0.0829,0.0808,0.0816,0.0831,0.0807,0.082,0.0814,0.0825,0.0821,0.0815,0.0819,0.0831,0.0815,0.0811,2.4041784621672466e-07
8,4.0,3.8033,3.5317,4.0,3.3357,3.3685,3.3622,3.5138,3.5529,3.5534,3.413,3.5717,3.4234,3.8297,3.9396,3.3112,3.89,3.8883,3.547,3.8723,4.0,3.8129,3.8961,3.8056,4.0,3.8569,3.8486,3.574,3.3261,3.0203,2.8868,2.6072,2.4229,2.3832,2.3291,2.2996,2.2963,2.2859,2.2047,2.0805,1.9869,1.8919,1.8124,1.7532,1.7023,1.6681,1.6464,1.6327,1.6221,1.6095,1.5907,1.5705,1.5589,1.5535,1.5572,1.5721,1.5938,1.6167,1.6317,1.65,1.6721,1.6862,1.6928,1.6936,1.691,1.6864,1.665,1.6466,1.6191,1.582,1.5399,1.4958,1.4447,1.3927,1.3376,1.2717,1.2092,1.1533,1.0845,1.0253,0.9644,0.9114,0.8526,0.7954,0.7421,0.6849,0.6354,0.5972,0.5547,0.5186,0.4887,0.4599,0.432,0.4078,0.3866,0.3688,0.3535,0.339,0.3275,0.3163,0.3068,0.2989,0.2921,0.2868,0.2807,0.2767,0.2731,0.2686,0.2655,0.2624,0.2596,0.2566,0.2549,0.2521,0.2499,0.2475,0.2455,0.2432,0.2415,0.2397,0.2378,0.2354,0.2338,0.232,0.2305,0.2289,0.2274,0.2254,0.2235,0.222,0.221,0.2187,0.2179,0.2161,0.2144,0.2126,0.2115,0.2096,0.2084,0.2064,0.2049,0.2035,0.2024,0.2012,0.1995,0.1987,0.1976,0.1956,0.1943,0.1926,0.1921,0.1906,0.1894,0.188,0.1866,0.1855,0.1847,0.1831,0.1815,0.181,0.1804,0.1793,0.1781,0.1769,0.1761,0.1751,0.1745,0.1731,0.1729,0.1714,0.17,0.1695,0.1684,0.1676,0.167,0.1654,0.1645,0.1634,0.1624,0.1625,0.161,0.1599,0.1594,0.1591,0.1572,0.157,0.156,0.1548,0.1541,0.1535,0.153,0.1521,0.1509,0.1508,0.1495,0.1487,0.1481,0.1471,0.1461,0.1461,0.1454,0.1444,0.1439,0.143,0.1426,0.1421,0.1405,0.1405,0.1398,0.1388,0.1383,0.1374,0.1374,0.137,0.136,0.135,0.1351,0.1343,0.1338,0.1331,0.1321,0.1317,0.1311,0.1305,0.1306,0.1299,0.1291,0.1283,0.1279,0.1276,0.1266,0.1259,0.1255,0.126,0.1244,0.1233,0.1238,0.1237,0.1226,0.1218,0.1215,0.1215,0.1208,0.12,0.1202,0.1191,0.1192,0.1173,0.1176,0.1171,0.117,0.1169,0.1158,0.1156,0.1162,0.1143,0.1145,0.1136,0.1127,0.1122,0.1135,0.1122,0.1117,0.1112,0.1117,0.1108,0.1114,0.111,0.1104,0.1103,0.1096,0.1096,0.1088,0.1087,0.1079,0.1088,0.1077,0.1072,0.1072,0.1056,0.1056,0.1062,0.1051,0.1042,0.1032,0.1039,0.1045,0.1024,0.103,0.1015,0.1007,0.0999,0.1008,0.1006,0.0999,0.0989,0.1,0.1009,0.0989,0.0982,0.0981,0.0981,0.0983,0.0981,0.0971,0.0974,0.0973,0.0963,0.0953,0.0966,0.0963,0.0951,0.0951,0.095,0.0944,0.0945,0.0937,0.0929,0.0938,0.0923,0.0925,0.0922,0.091,0.092,0.0927,0.0913,0.0908,0.0917,0.0885,0.09,0.0908,0.0906,0.0905,0.0927,0.0908,0.0922,0.0897,0.0907,0.0904,0.09,0.09,0.0911,0.092,0.0912,0.0913,0.092,0.0923,0.0936,0.094,0.0952,0.0955,0.0956,0.0957,0.0967,0.0961,0.0959,0.0981,0.0977,0.0985,0.0975,0.0973,0.0958,0.0951,0.0947,0.092,0.0912,0.0917,0.0907,0.0918,0.0889,0.0895,0.0893,0.0839,0.0882,0.0865,0.0864,0.0849,0.084,0.0819,0.079,0.0811,0.0832,0.0808,0.0805,0.0805,0.0815,0.0791,0.0817,0.078,0.0805,0.0808,0.0801,0.0803,0.0802,0.0841,0.0829,0.0809,0.0814,0.0822,0.0805,0.0804,1.2020892310836233e-07
8,3.7572,3.4974,3.5156,3.7964,3.3309,3.8291,3.3478,3.5248,3.3801,3.8487,3.5873,3.3867,3.5947,3.8613,3.4621,3.4751,3.9054,4.0,3.5473,3.8814,4.0,4.0,3.5842,3.5139,4.0,3.8458,3.5357,3.5716,3.4421,2.953,2.6556,2.3991,2.2464,2.1766,2.1387,2.0906,2.0658,2.025,1.9268,1.7894,1.6836,1.5722,1.4884,1.4203,1.3654,1.3086,1.2779,1.2449,1.2251,1.1962,1.1671,1.1329,1.1078,1.0898,1.0803,1.0774,1.0809,1.0844,1.0896,1.0946,1.1007,1.1025,1.1029,1.1006,1.0945,1.0846,1.076,1.061,1.0437,1.0221,0.9979,0.9719,0.9452,0.9138,0.8826,0.8507,0.8144,0.7809,0.7433,0.7095,0.676,0.6453,0.6166,0.5892,0.5547,0.5258,0.4971,0.4725,0.4509,0.4314,0.4142,0.3963,0.3801,0.367,0.3541,0.3434,0.3341,0.3247,0.3182,0.311,0.3046,0.299,0.2944,0.2902,0.2853,0.282,0.2792,0.2756,0.2729,0.2702,0.2669,0.2645,0.2629,0.2603,0.2579,0.2557,0.254,0.2513,0.2498,0.2478,0.2457,0.2442,0.2421,0.2399,0.2384,0.2368,0.2353,0.2332,0.2317,0.2307,0.2286,0.2264,0.2251,0.223,0.2214,0.2194,0.2183,0.2166,0.2152,0.2133,0.2119,0.2098,0.2092,0.2076,0.2064,0.205,0.2045,0.2023,0.201,0.1997,0.1985,0.197,0.1958,0.1946,0.1933,0.1922,0.191,0.19,0.1886,0.1874,0.1868,0.1854,0.1841,0.1828,0.1821,0.1811,0.1803,0.179,0.1787,0.1768,0.1755,0.1746,0.174,0.1731,0.1721,0.1704,0.1702,0.1689,0.1676,0.167,0.1664,0.1648,0.1644,0.1637,0.1625,0.1623,0.1608,0.1601,0.1588,0.1587,0.1579,0.1572,0.1562,0.1552,0.1548,0.1536,0.1533,0.1524,0.1509,0.1505,0.1504,0.149,0.148,0.1475,0.147,0.1466,0.1452,0.145,0.1444,0.1438,0.1431,0.1421,0.1422,0.1409,0.1403,0.1392,0.1389,0.1389,0.1374,0.1375,0.1363,0.1361,0.1357,0.135,0.1345,0.1333,0.1325,0.1326,0.1317,0.1312,0.1302,0.1301,0.1296,0.1288,0.1282,0.1282,0.1276,0.1272,0.1269,0.1256,0.1252,0.125,0.1245,0.1235,0.1237,0.1224,0.123,0.1216,0.1216,0.1205,0.1202,0.1204,0.1205,0.119,0.1199,0.1182,0.119,0.1168,0.1172,0.1168,0.117,0.1151,0.1155,0.1153,0.1152,0.1148,0.1146,0.1143,0.1141,0.1137,0.1138,0.1124,0.1119,0.1117,0.112,0.1115,0.1105,0.1103,0.1101,0.1094,0.1091,0.1092,0.108,0.1072,0.1062,0.1069,0.1058,0.1049,0.1051,0.1047,0.1038,0.1028,0.103,0.1044,0.1022,0.1023,0.1016,0.1029,0.1015,0.102,0.1007,0.1007,0.1006,0.0999,0.0997,0.0998,0.1003,0.0987,0.098,0.0991,0.0987,0.0985,0.0984,0.0979,0.0973,0.0976,0.0965,0.0961,0.0962,0.0953,0.0955,0.095,0.0941,0.0957,0.0942,0.0939,0.0941,0.0955,0.0926,0.0927,0.0935,0.0929,0.0926,0.0938,0.0922,0.0933,0.0924,0.0939,0.0931,0.0927,0.0935,0.0935,0.0937,0.094,0.0952,0.0946,0.0948,0.0968,0.0977,0.098,0.099,0.0982,0.0991,0.0991,0.0991,0.0985,0.1004,0.1013,0.1004,0.1002,0.0992,0.0978,0.0968,0.0965,0.0942,0.094,0.0941,0.0915,0.0914,0.0904,0.0906,0.0901,0.0872,0.0889,0.0897,0.0878,0.0848,0.0857,0.0837,0.0821,0.0864,0.086,0.0842,0.0822,0.0841,0.0828,0.0826,0.0828,0.0811,0.0815,0.0829,0.0808,0.0812,0.0798,0.0806,0.0823,0.0798,0.0801,0.0833,0.0811,0.0816,6.010446155418116e-08
9,3.1638,3.4844,3.3556,3.4969,3.2175,3.2412,3.1464,3.351,3.3859,3.5659,3.4233,3.1874,3.4443,4.0,3.9771,3.8233,3.6247,3.6244,3.5912,3.6315,3.6367,3.5657,3.6544,3.5763,3.5962,3.6029,3.0597,2.4779,1.9425,1.6637,1.5451,1.4849,1.4471,1.4182,1.3838,1.3328,1.2978,1.2551,1.1642,1.0494,0.9276,0.8188,0.7364,0.6853,0.6511,0.6173,0.594,0.573,0.5558,0.5422,0.5267,0.5082,0.4935,0.4817,0.4698,0.4609,0.4525,0.4445,0.437,0.4301,0.4232,0.4167,0.4112,0.4062,0.4016,0.3955,0.3906,0.3862,0.3817,0.3769,0.3724,0.3678,0.3634,0.3591,0.3551,0.3507,0.3464,0.3418,0.3367,0.3326,0.3279,0.3245,0.3202,0.3165,0.3117,0.3067,0.3019,0.2972,0.2928,0.2891,0.2854,0.2809,0.2772,0.2734,0.2696,0.2662,0.2628,0.2598,0.2571,0.2537,0.251,0.2482,0.2456,0.2433,0.2403,0.2384,0.2361,0.2332,0.2312,0.2286,0.2267,0.2251,0.2225,0.2213,0.2189,0.217,0.2148,0.2128,0.211,0.2091,0.2074,0.2056,0.2039,0.2024,0.2006,0.1993,0.1978,0.1958,0.1943,0.1923,0.1909,0.1897,0.1879,0.1871,0.1855,0.1844,0.1828,0.1813,0.18,0.178,0.1772,0.176,0.1746,0.174,0.1724,0.1714,0.1702,0.1692,0.1681,0.1663,0.1656,0.1642,0.1632,0.1617,0.1609,0.1595,0.159,0.158,0.1569,0.1555,0.155,0.1534,0.1523,0.1518,0.1509,0.1501,0.1496,0.1484,0.147,0.1462,0.1449,0.1448,0.1435,0.1427,0.1426,0.1415,0.1401,0.1399,0.139,0.1377,0.1373,0.1365,0.1357,0.1347,0.1338,0.1333,0.1329,0.1319,0.1308,0.1306,0.1303,0.1288,0.1276,0.1274,0.1274,0.1263,0.125,0.1248,0.1241,0.1237,0.1227,0.1221,0.1215,0.1212,0.1206,0.1197,0.1197,0.1188,0.1182,0.1179,0.1165,0.1169,0.1158,0.1154,0.1149,0.1143,0.114,0.1129,0.1123,0.1113,0.1124,0.1114,0.1103,0.1102,0.1101,0.1094,0.1086,0.1076,0.1083,0.1082,0.1071,0.106,0.1055,0.106,0.1039,0.1044,0.1046,0.1038,0.1025,0.1024,0.1019,0.1014,0.1017,0.1003,0.1002,0.0997,0.1001,0.0987,0.0993,0.0992,0.0975,0.0973,0.0974,0.0978,0.097,0.0961,0.0958,0.0959,0.0951,0.095,0.095,0.0938,0.0932,0.0946,0.0935,0.093,0.093,0.0926,0.092,0.0911,0.092,0.0911,0.0919,0.0913,0.0898,0.0894,0.0904,0.089,0.0888,0.0893,0.0885,0.0881,0.0879,0.0879,0.0873,0.0862,0.0854,0.0864,0.0854,0.0847,0.0849,0.0849,0.0845,0.0843,0.0834,0.083,0.083,0.0832,0.0814,0.0809,0.0816,0.0826,0.0821,0.0812,0.0816,0.0811,0.0808,0.0804,0.08,0.0811,0.0796,0.0804,0.0796,0.0798,0.0793,0.0789,0.0785,0.0789,0.0795,0.0785,0.0788,0.0776,0.0771,0.0778,0.0762,0.0765,0.0752,0.0748,0.0749,0.0748,0.0734,0.0759,0.0731,0.075,0.0733,0.0745,0.0745,0.0749,0.0763,0.0753,0.0754,0.0765,0.0765,0.0758,0.0759,0.0761,0.0767,0.0783,0.0784,0.0789,0.0791,0.0796,0.0815,0.0828,0.0831,0.0832,0.0854,0.0854,0.0858,0.0854,0.0848,0.0835,0.082,0.0807,0.0812,0.0813,0.0812,0.0805,0.0797,0.0758,0.0767,0.074,0.0733,0.0719,0.0712,0.0705,0.0715,0.0714,0.0702,0.0699,0.0683,0.0691,0.0685,0.069,0.0667,0.0662,0.0676,0.0688,0.0675,0.0687,0.0666,0.0669,0.0661,0.0663,0.068,0.0675,0.0694,0.066,0.0684,0.0686,0.0685,0.0
9,3.1625,3.3395,3.5197,3.4928,3.3402,3.3563,3.061,3.5209,3.3851,3.3883,3.304,3.4119,3.4286,3.879,4.0,3.5097,3.62,3.4432,3.5747,3.6096,3.6181,3.8492,3.3425,3.8586,3.8833,3.4109,3.111,2.4588,1.9328,1.6641,1.5496,1.4952,1.4665,1.4443,1.4105,1.3671,1.338,1.2994,1.2114,1.1006,0.9819,0.8861,0.8136,0.7609,0.732,0.7052,0.6873,0.6704,0.6584,0.649,0.6358,0.6237,0.6133,0.6056,0.5996,0.595,0.59,0.5882,0.5855,0.5825,0.5785,0.5766,0.5727,0.5699,0.5657,0.559,0.5538,0.5473,0.5409,0.5323,0.5233,0.5149,0.5042,0.4937,0.483,0.4712,0.4592,0.4471,0.4338,0.4225,0.4103,0.4001,0.3885,0.3782,0.3657,0.3557,0.3437,0.3343,0.3257,0.3168,0.3095,0.3009,0.2946,0.2874,0.2818,0.2764,0.2713,0.2666,0.263,0.2587,0.255,0.2515,0.2486,0.2455,0.2426,0.2397,0.2375,0.2347,0.2322,0.2296,0.2275,0.2257,0.2235,0.2218,0.2195,0.2176,0.2153,0.2131,0.2117,0.2097,0.2078,0.2063,0.2048,0.2029,0.2011,0.1999,0.1978,0.1964,0.1947,0.1931,0.1916,0.1904,0.1886,0.1876,0.1858,0.1849,0.1836,0.1815,0.1808,0.1787,0.1776,0.1766,0.1753,0.1742,0.1729,0.1721,0.1707,0.17,0.1686,0.167,0.1664,0.165,0.164,0.1624,0.1614,0.1606,0.1596,0.1586,0.1576,0.1563,0.1554,0.1544,0.1531,0.1527,0.1514,0.1507,0.1501,0.1492,0.1478,0.1466,0.1459,0.1454,0.1445,0.1436,0.1434,0.142,0.1409,0.1403,0.1396,0.1389,0.1378,0.1373,0.1364,0.1356,0.1348,0.1338,0.1333,0.1323,0.1318,0.1314,0.1308,0.1292,0.128,0.1279,0.1279,0.1263,0.1254,0.1254,0.1242,0.1241,0.1233,0.1226,0.1218,0.1211,0.1207,0.1206,0.12,0.119,0.1182,0.1178,0.1172,0.1169,0.1158,0.1155,0.1156,0.1141,0.1142,0.1134,0.1126,0.1117,0.112,0.1111,0.1105,0.1106,0.1101,0.1094,0.1086,0.1078,0.1082,0.1078,0.107,0.1059,0.1049,0.1054,0.104,0.1042,0.1044,0.1033,0.1027,0.1024,0.102,0.1013,0.1007,0.0996,0.0996,0.0994,0.0997,0.0986,0.0989,0.0986,0.0978,0.0976,0.097,0.0973,0.0956,0.0955,0.0952,0.0954,0.0948,0.0936,0.0942,0.0931,0.0928,0.0936,0.0931,0.0924,0.0919,0.0917,0.0913,0.091,0.0913,0.0909,0.0908,0.09,0.0893,0.0887,0.0891,0.0885,0.0885,0.0879,0.0883,0.0877,0.0874,0.0868,0.0867,0.0862,0.0851,0.0853,0.0844,0.0849,0.0841,0.084,0.0835,0.0834,0.0831,0.0821,0.0826,0.0824,0.0818,0.0806,0.0809,0.0809,0.0811,0.0799,0.0821,0.0795,0.0799,0.0799,0.0802,0.0802,0.0789,0.0797,0.0786,0.0792,0.0787,0.0787,0.078,0.0787,0.0783,0.0776,0.0775,0.0767,0.0773,0.0759,0.0754,0.0765,0.0743,0.075,0.0752,0.0759,0.0734,0.075,0.0732,0.0746,0.0734,0.0748,0.0746,0.0742,0.0755,0.0751,0.0746,0.0755,0.0758,0.0748,0.0743,0.076,0.0751,0.0771,0.0774,0.0774,0.078,0.0788,0.0797,0.0804,0.0809,0.0817,0.0819,0.0835,0.0837,0.0835,0.0825,0.082,0.0813,0.0796,0.0798,0.0787,0.076,0.0787,0.0781,0.0746,0.0759,0.0733,0.0737,0.0708,0.0716,0.0721,0.073,0.0704,0.0689,0.0676,0.0676,0.0698,0.0692,0.0661,0.0644,0.0651,0.0683,0.066,0.0649,0.0675,0.0665,0.0656,0.0651,0.0656,0.0647,0.0662,0.0674,0.0663,0.0668,0.0663,0.0659,7.513057694272645e-09
9,3.4632,3.5007,3.5124,3.487,3.3377,3.2316,3.232,3.2164,3.2546,3.553,3.419,3.2824,3.4307,3.5718,3.6545,3.5011,3.605,3.6166,3.5693,3.9025,3.6104,3.8417,3.924,3.5461,4.0,3.5763,3.0905,2.6274,2.0861,1.7599,1.6214,1.5544,1.5035,1.4756,1.4389,1.3848,1.356,1.314,1.2134,1.104,0.985,0.8814,0.8051,0.7493,0.7175,0.6875,0.665,0.647,0.6304,0.6199,0.6049,0.5895,0.5765,0.5662,0.5597,0.5535,0.5473,0.5429,0.5397,0.5358,0.5318,0.5275,0.5232,0.5194,0.5157,0.5096,0.5045,0.4984,0.4924,0.4847,0.4763,0.4686,0.4606,0.4514,0.4416,0.4326,0.4216,0.4115,0.4002,0.3903,0.3798,0.3714,0.3617,0.3528,0.342,0.3326,0.3226,0.3143,0.3059,0.2987,0.2918,0.2846,0.2786,0.2726,0.267,0.2622,0.2573,0.2529,0.2496,0.2457,0.2424,0.2391,0.2364,0.2338,0.2305,0.2283,0.2257,0.2232,0.2211,0.2185,0.2162,0.2148,0.2123,0.211,0.2086,0.207,0.205,0.2028,0.2012,0.1993,0.1976,0.1958,0.1943,0.1925,0.1911,0.1899,0.1882,0.1863,0.185,0.1833,0.182,0.1809,0.1795,0.1776,0.1766,0.1753,0.1739,0.1726,0.1715,0.1698,0.169,0.1677,0.1664,0.1657,0.1646,0.1635,0.1624,0.1616,0.1605,0.159,0.1583,0.1567,0.1556,0.1547,0.1539,0.1525,0.152,0.1511,0.15,0.1488,0.1478,0.1467,0.1458,0.1453,0.1443,0.1435,0.1433,0.1419,0.1408,0.1399,0.1386,0.1385,0.1376,0.1371,0.1366,0.1356,0.1343,0.1336,0.1331,0.1324,0.1315,0.1307,0.1298,0.1292,0.1283,0.1275,0.127,0.1264,0.1255,0.1252,0.1248,0.1238,0.1226,0.122,0.122,0.1205,0.1197,0.1199,0.1192,0.1187,0.1177,0.1172,0.1164,0.116,0.1153,0.1154,0.1141,0.1137,0.1131,0.113,0.1123,0.1114,0.1103,0.1105,0.1098,0.109,0.1094,0.1082,0.1076,0.1067,0.1073,0.1059,0.1058,0.1059,0.1055,0.1042,0.1036,0.1036,0.1039,0.1032,0.1021,0.1014,0.1007,0.1012,0.1,0.0996,0.0992,0.0996,0.0984,0.0985,0.0981,0.0971,0.0969,0.0956,0.096,0.0954,0.0958,0.0942,0.0945,0.0943,0.0941,0.0937,0.0932,0.0936,0.0922,0.0912,0.0912,0.0914,0.0905,0.0909,0.09,0.09,0.0892,0.0899,0.0888,0.0891,0.0886,0.089,0.0873,0.0876,0.0884,0.0874,0.0876,0.0868,0.0859,0.0871,0.0863,0.0856,0.0856,0.0854,0.0852,0.0843,0.0842,0.0836,0.0837,0.083,0.082,0.0829,0.0819,0.082,0.0816,0.0813,0.0807,0.0813,0.081,0.0785,0.079,0.0793,0.0804,0.0782,0.0782,0.0791,0.0779,0.0784,0.0797,0.0774,0.0778,0.0775,0.0773,0.0775,0.0773,0.0772,0.0764,0.0773,0.0768,0.0763,0.0767,0.0767,0.0764,0.0759,0.0768,0.075,0.0742,0.0745,0.0741,0.0757,0.0729,0.0743,0.0735,0.0737,0.0717,0.0748,0.0719,0.0736,0.0717,0.0717,0.0727,0.073,0.073,0.0731,0.0742,0.0744,0.0746,0.0738,0.0747,0.0757,0.0754,0.0773,0.0772,0.0778,0.0786,0.08,0.0798,0.0813,0.0817,0.0815,0.0846,0.0837,0.0842,0.0851,0.0846,0.0831,0.0822,0.0813,0.0819,0.0809,0.0797,0.0793,0.0778,0.0776,0.0767,0.0735,0.0718,0.071,0.0729,0.0686,0.0708,0.0703,0.0684,0.0679,0.067,0.0676,0.0675,0.0656,0.0653,0.0656,0.0663,0.0688,0.0663,0.0655,0.0668,0.0659,0.0647,0.0659,0.0657,0.0653,0.0674,0.0652,0.0672,0.0665,0.0661,3.756528847136323e-09
9,3.2785,3.5023,3.5186,3.4963,3.8124,3.3557,3.3591,3.5224,3.52,3.5517,3.5785,3.5679,3.5997,4.0,4.0,4.0,3.8787,3.5976,4.0,3.8953,3.4208,4.0,3.9045,3.8143,4.0,3.8523,3.5529,3.2892,2.8563,2.5516,2.435,2.3754,2.3242,2.3608,2.3797,2.3768,2.385,2.4026,2.3418,2.3004,2.2568,2.1887,2.1548,2.1445,2.1499,2.1765,2.2177,2.2539,2.2886,2.3439,2.3785,2.4072,2.4555,2.4757,2.5122,2.5934,2.6258,2.7463,2.7623,2.7639,2.8,2.8128,2.8318,2.8813,2.874,2.9159,2.7796,2.8192,2.761,2.7162,2.6863,2.5857,2.5416,2.4692,2.3495,2.2412,2.1111,1.9977,1.8723,1.7535,1.6375,1.536,1.4149,1.2976,1.1781,1.0711,0.9617,0.8709,0.7897,0.7166,0.6498,0.5855,0.5266,0.4809,0.4349,0.3988,0.3679,0.3394,0.3179,0.3007,0.2816,0.2674,0.2565,0.2473,0.2386,0.232,0.2266,0.2215,0.2173,0.2134,0.2107,0.2081,0.2055,0.2038,0.2009,0.1991,0.1972,0.1951,0.1937,0.1917,0.1903,0.1888,0.1872,0.1857,0.184,0.1833,0.1818,0.18,0.1784,0.1775,0.1765,0.175,0.1739,0.1724,0.1714,0.1705,0.1692,0.1674,0.1666,0.1652,0.1642,0.1635,0.1619,0.1613,0.1599,0.1593,0.1581,0.1572,0.1561,0.155,0.1542,0.1526,0.1521,0.1508,0.1502,0.1485,0.148,0.1476,0.1464,0.1454,0.1447,0.1438,0.1423,0.1421,0.1413,0.1406,0.14,0.1389,0.1377,0.1369,0.1361,0.1361,0.1354,0.1344,0.1341,0.1334,0.1323,0.1315,0.1308,0.1304,0.1293,0.1287,0.1278,0.127,0.1264,0.1261,0.1254,0.1246,0.1242,0.1237,0.1229,0.1225,0.1212,0.1209,0.1215,0.1192,0.1188,0.1188,0.1179,0.1179,0.1166,0.1161,0.1159,0.1153,0.1149,0.1146,0.1143,0.1133,0.1127,0.1126,0.112,0.1114,0.1109,0.1105,0.1099,0.1094,0.109,0.1089,0.1077,0.1072,0.1071,0.1066,0.1064,0.106,0.1054,0.1049,0.104,0.1039,0.1043,0.1035,0.1027,0.102,0.1019,0.1017,0.1005,0.1006,0.1008,0.1007,0.099,0.0992,0.0991,0.0985,0.0984,0.097,0.0969,0.0963,0.0963,0.0958,0.096,0.0955,0.0951,0.0954,0.0946,0.0944,0.0942,0.0932,0.0926,0.0931,0.0928,0.092,0.0915,0.091,0.0904,0.0913,0.0909,0.0903,0.0905,0.0904,0.0894,0.0894,0.0894,0.0891,0.0895,0.0884,0.0874,0.0874,0.0878,0.0864,0.0869,0.0872,0.0858,0.0858,0.0854,0.0851,0.0849,0.0852,0.084,0.084,0.084,0.0839,0.0833,0.0823,0.0826,0.0823,0.0824,0.0799,0.0816,0.0815,0.0802,0.0801,0.0803,0.0806,0.0811,0.079,0.0803,0.0792,0.0782,0.0786,0.0789,0.0791,0.0781,0.0789,0.0783,0.0789,0.0783,0.0777,0.0785,0.0777,0.0776,0.077,0.0775,0.0762,0.0769,0.076,0.0754,0.0765,0.0735,0.0758,0.076,0.0746,0.0731,0.0751,0.0737,0.0741,0.0745,0.0741,0.0734,0.0753,0.0754,0.075,0.0762,0.0758,0.0765,0.0759,0.0755,0.0768,0.0764,0.0782,0.0784,0.0788,0.0791,0.0794,0.0814,0.0823,0.0821,0.0823,0.0829,0.0847,0.085,0.0848,0.0839,0.0829,0.0824,0.082,0.0814,0.0815,0.0802,0.0793,0.0795,0.0775,0.0768,0.0746,0.0746,0.0724,0.0722,0.0724,0.0717,0.0729,0.0704,0.0697,0.0699,0.0719,0.0707,0.0707,0.0663,0.0684,0.0706,0.069,0.0689,0.07,0.0697,0.0681,0.0676,0.0671,0.0685,0.0688,0.0684,0.067,0.0709,0.0685,0.069,2.4041784621672466e-07
9,3.4474,3.4913,3.8188,3.7752,3.5113,3.3464,3.2378,3.525,3.3746,3.8524,3.2765,3.5713,3.8875,4.0,4.0,3.7909,3.8969,3.4163,3.558,3.887,3.8967,4.0,3.8845,3.518,3.8446,3.8519,3.5489,3.182,2.5682,2.2051,2.0501,1.989,1.9492,1.9442,1.9362,1.9208,1.9272,1.9027,1.85,1.7616,1.6789,1.5946,1.5488,1.5167,1.5124,1.517,1.531,1.5491,1.5656,1.5838,1.5999,1.6179,1.6345,1.6566,1.6851,1.7167,1.7549,1.794,1.8237,1.858,1.8908,1.9134,1.9269,1.9394,1.9384,1.9311,1.9179,1.8997,1.875,1.8342,1.7889,1.7314,1.6775,1.617,1.5477,1.4796,1.4005,1.3195,1.237,1.1635,1.081,1.0178,0.9458,0.873,0.7985,0.736,0.669,0.612,0.5615,0.5147,0.4746,0.4351,0.3991,0.3706,0.3431,0.3218,0.3016,0.2849,0.2711,0.2579,0.2468,0.238,0.2306,0.2245,0.2182,0.2139,0.2098,0.2059,0.2028,0.1998,0.1975,0.1954,0.1928,0.1914,0.1896,0.1875,0.1858,0.1839,0.1827,0.181,0.1795,0.178,0.1767,0.1754,0.174,0.173,0.1704,0.1695,0.1683,0.1669,0.1657,0.1643,0.1628,0.1622,0.1607,0.1601,0.1586,0.1571,0.1562,0.1551,0.1541,0.1526,0.1518,0.1514,0.1502,0.1499,0.1484,0.1477,0.1474,0.1456,0.1452,0.1439,0.1428,0.142,0.141,0.1398,0.14,0.1387,0.1379,0.1366,0.136,0.1354,0.1346,0.1341,0.1328,0.1324,0.132,0.1312,0.1299,0.1289,0.1284,0.1278,0.1274,0.1266,0.1264,0.1254,0.1243,0.1237,0.1236,0.1229,0.122,0.1216,0.1204,0.1199,0.1191,0.1188,0.118,0.1176,0.1168,0.1163,0.1162,0.115,0.1141,0.114,0.1141,0.1127,0.1119,0.1117,0.1109,0.1108,0.11,0.1093,0.1088,0.1079,0.1075,0.1079,0.1076,0.1067,0.1057,0.1064,0.1054,0.1046,0.1042,0.1037,0.1035,0.1024,0.1028,0.1017,0.1014,0.1005,0.1008,0.1,0.0995,0.0999,0.0987,0.0987,0.0982,0.0977,0.0982,0.0982,0.0961,0.096,0.0959,0.0956,0.0945,0.0949,0.0945,0.0942,0.0939,0.0933,0.0931,0.0924,0.0924,0.0917,0.091,0.0912,0.0914,0.0908,0.0905,0.0904,0.0897,0.0897,0.0897,0.0899,0.0889,0.0879,0.0882,0.088,0.0874,0.0873,0.087,0.087,0.0864,0.0879,0.0869,0.0854,0.086,0.0855,0.0852,0.0847,0.0852,0.085,0.0849,0.0846,0.0827,0.0838,0.0833,0.0827,0.0828,0.0819,0.0819,0.0815,0.0815,0.0809,0.0812,0.0807,0.0797,0.0793,0.08,0.0784,0.0781,0.0778,0.0784,0.0787,0.0782,0.077,0.0776,0.0777,0.0761,0.0766,0.0754,0.0764,0.0764,0.0756,0.0778,0.0756,0.0752,0.0752,0.0752,0.0756,0.0743,0.0754,0.0742,0.075,0.0748,0.074,0.0733,0.0738,0.0742,0.0729,0.0733,0.0721,0.0726,0.0723,0.0721,0.0718,0.071,0.0723,0.0718,0.0723,0.07,0.0714,0.0699,0.071,0.0705,0.0712,0.0697,0.0715,0.0719,0.0711,0.0715,0.0723,0.0729,0.0722,0.0721,0.0735,0.0731,0.0754,0.0751,0.0757,0.0759,0.078,0.0779,0.0787,0.079,0.0795,0.0807,0.0832,0.0821,0.0831,0.0813,0.0805,0.079,0.078,0.0793,0.077,0.0767,0.0769,0.078,0.0746,0.073,0.0714,0.0723,0.0704,0.0702,0.0695,0.068,0.0685,0.0671,0.0667,0.0665,0.0651,0.0649,0.0642,0.0644,0.0644,0.0645,0.0664,0.0656,0.0656,0.065,0.0648,0.0638,0.0632,0.0636,0.0664,0.0683,0.0644,0.0667,0.0663,0.0644,1.2020892310836233e-07
9,3.2775,3.5006,3.7902,3.7974,3.3279,3.3589,3.2152,3.5173,3.5592,3.3856,3.4039,3.8779,3.4191,4.0,3.9544,3.7903,3.8859,3.4034,3.8499,3.5723,3.5905,4.0,3.5957,3.517,3.8377,3.8418,3.2412,2.5881,2.0917,1.8061,1.6828,1.6274,1.5919,1.5792,1.5529,1.5163,1.5012,1.4705,1.3916,1.2914,1.1883,1.0959,1.0326,0.9885,0.9657,0.9541,0.9505,0.9464,0.9467,0.9486,0.9479,0.9478,0.9478,0.9526,0.9606,0.9718,0.9835,0.9961,1.0078,1.0197,1.0297,1.0371,1.0413,1.044,1.0424,1.0351,1.0272,1.0164,1.0022,0.9806,0.9582,0.9346,0.9073,0.8764,0.8426,0.8077,0.7709,0.7352,0.6942,0.6584,0.6238,0.5918,0.5585,0.5251,0.4903,0.4578,0.4258,0.3997,0.3737,0.3537,0.3347,0.314,0.2972,0.2812,0.2679,0.2584,0.2473,0.2379,0.2306,0.2235,0.2176,0.2123,0.208,0.2043,0.2004,0.1979,0.1951,0.192,0.1896,0.1874,0.1851,0.1837,0.182,0.181,0.1785,0.1771,0.1756,0.1738,0.1723,0.1707,0.1693,0.1685,0.1669,0.1655,0.1642,0.1628,0.1618,0.1605,0.1594,0.1585,0.1571,0.156,0.1547,0.1538,0.1525,0.151,0.1507,0.1492,0.1483,0.147,0.1462,0.1447,0.1442,0.1442,0.1425,0.1417,0.1403,0.1403,0.1391,0.138,0.1369,0.1361,0.1354,0.1342,0.1336,0.1324,0.1322,0.1319,0.1305,0.1299,0.1292,0.1281,0.1274,0.1274,0.1261,0.1256,0.1255,0.1241,0.1234,0.1225,0.1222,0.1217,0.121,0.1206,0.1202,0.1194,0.1182,0.1175,0.1177,0.1168,0.1163,0.1157,0.1147,0.1145,0.1136,0.1127,0.1125,0.1119,0.1112,0.1113,0.1111,0.11,0.1085,0.1088,0.1087,0.1074,0.1065,0.1068,0.1058,0.1052,0.1052,0.1041,0.1043,0.1034,0.1035,0.1031,0.1025,0.102,0.1011,0.1012,0.1005,0.0999,0.0999,0.0992,0.0984,0.098,0.0981,0.098,0.0968,0.0961,0.0964,0.0955,0.0951,0.0964,0.0951,0.0949,0.094,0.0937,0.0938,0.0936,0.093,0.0915,0.0912,0.0913,0.0903,0.0909,0.0906,0.0903,0.0888,0.0894,0.0893,0.0884,0.0883,0.0879,0.0872,0.087,0.0873,0.0863,0.0869,0.0862,0.0856,0.0857,0.0854,0.086,0.0852,0.0843,0.085,0.0845,0.0834,0.0841,0.0835,0.0829,0.0825,0.0835,0.0824,0.0818,0.0826,0.0816,0.0813,0.0809,0.0813,0.0812,0.0815,0.0808,0.0801,0.0802,0.0798,0.079,0.0783,0.0786,0.0787,0.0794,0.078,0.0782,0.0783,0.078,0.0758,0.0769,0.0769,0.0761,0.0755,0.0748,0.0753,0.0752,0.0745,0.0737,0.0741,0.0757,0.0734,0.0729,0.0735,0.0728,0.0742,0.0732,0.0738,0.0724,0.0719,0.073,0.0724,0.073,0.072,0.0724,0.0714,0.0723,0.0718,0.0709,0.0717,0.0714,0.0716,0.0704,0.0711,0.0697,0.0705,0.0706,0.0705,0.0702,0.0677,0.0684,0.0674,0.0685,0.0681,0.0679,0.0686,0.0692,0.0685,0.068,0.0676,0.0695,0.0702,0.0694,0.0694,0.0703,0.0699,0.0694,0.0695,0.0706,0.071,0.0717,0.0722,0.0722,0.0729,0.0745,0.076,0.0762,0.0764,0.0771,0.0786,0.0789,0.0803,0.0794,0.0791,0.0773,0.0776,0.0751,0.0766,0.0752,0.0739,0.0729,0.0729,0.073,0.0701,0.07,0.069,0.067,0.0668,0.0676,0.0662,0.0659,0.065,0.0642,0.0641,0.0637,0.0635,0.0631,0.0609,0.0597,0.0647,0.0639,0.0622,0.0632,0.0622,0.0634,0.0624,0.0627,0.0633,0.0625,0.0637,0.0639,0.0648,0.0639,0.0637,6.010446155418116e-08
9,3.2785,3.4873,3.8235,3.7808,3.5132,3.3551,3.2266,3.348,3.5569,3.3778,3.2852,3.5799,3.4226,3.8526,3.6525,3.7827,3.8937,3.4104,3.8543,3.5828,3.5928,3.811,3.5954,3.8238,4.0,3.5517,3.2457,2.7008,2.1661,1.8323,1.697,1.6384,1.5985,1.58,1.5496,1.5133,1.4903,1.4589,1.3725,1.2654,1.164,1.0695,0.9943,0.9533,0.927,0.9123,0.9021,0.8975,0.894,0.8931,0.8894,0.8857,0.8844,0.8869,0.8919,0.8997,0.9102,0.9208,0.9302,0.9393,0.9479,0.9533,0.9576,0.9588,0.9576,0.9513,0.9434,0.9343,0.9207,0.9015,0.8824,0.8586,0.8344,0.8087,0.7813,0.7486,0.7175,0.6824,0.6467,0.6131,0.5817,0.5538,0.5235,0.4938,0.4635,0.4356,0.4059,0.3814,0.3602,0.3396,0.3217,0.3034,0.2875,0.2742,0.2616,0.2511,0.2416,0.2334,0.2263,0.2196,0.2144,0.2095,0.2053,0.2018,0.1982,0.1955,0.1928,0.1898,0.1878,0.1854,0.1836,0.1817,0.1797,0.1787,0.1765,0.1751,0.1729,0.1716,0.1705,0.1687,0.1675,0.166,0.1647,0.1632,0.1618,0.1609,0.1596,0.1579,0.1573,0.156,0.1549,0.154,0.1528,0.1521,0.1505,0.15,0.1485,0.1471,0.1464,0.1452,0.1442,0.1434,0.1422,0.1419,0.1403,0.14,0.1387,0.1384,0.1369,0.1358,0.1353,0.134,0.1334,0.1322,0.1318,0.1306,0.1302,0.13,0.1287,0.1277,0.1273,0.1261,0.1252,0.125,0.1242,0.1235,0.1235,0.1222,0.1212,0.1204,0.12,0.1197,0.1192,0.1181,0.1179,0.1175,0.1167,0.1157,0.1155,0.1146,0.1141,0.1134,0.113,0.1123,0.1116,0.1111,0.1108,0.1097,0.1092,0.1082,0.1084,0.1079,0.106,0.1065,0.1063,0.1058,0.1049,0.1047,0.1034,0.1038,0.1029,0.1022,0.1021,0.1016,0.1014,0.1017,0.1005,0.0998,0.0994,0.0994,0.0986,0.0982,0.0972,0.0973,0.0967,0.0966,0.0965,0.0957,0.0956,0.0944,0.0946,0.0937,0.0936,0.0939,0.0934,0.0925,0.0921,0.0914,0.0923,0.092,0.0912,0.0905,0.0898,0.0901,0.0889,0.0888,0.0889,0.0886,0.0874,0.0879,0.0868,0.0866,0.0871,0.0861,0.0857,0.0855,0.0853,0.0849,0.0852,0.0843,0.0836,0.0841,0.0829,0.0835,0.083,0.082,0.0817,0.0827,0.0815,0.0816,0.081,0.0815,0.0806,0.0816,0.0811,0.0806,0.081,0.0806,0.0806,0.0801,0.0799,0.0792,0.0796,0.0795,0.0792,0.0781,0.079,0.0777,0.0779,0.0776,0.0777,0.0772,0.0763,0.0765,0.0767,0.076,0.0754,0.0749,0.0756,0.0749,0.0739,0.0738,0.0748,0.0741,0.074,0.0723,0.0734,0.0736,0.0717,0.0718,0.0718,0.073,0.0718,0.0719,0.0722,0.0709,0.0706,0.072,0.0711,0.0718,0.0713,0.0713,0.0704,0.0708,0.0709,0.0698,0.0701,0.0701,0.0704,0.0695,0.069,0.0689,0.0684,0.0679,0.0695,0.068,0.0668,0.0671,0.0668,0.0682,0.0667,0.0685,0.0664,0.0679,0.0658,0.0669,0.0667,0.0678,0.0684,0.0681,0.0677,0.0691,0.0685,0.0688,0.0686,0.0693,0.0696,0.0709,0.0713,0.072,0.0718,0.0735,0.0742,0.0761,0.0761,0.0762,0.0776,0.0783,0.0796,0.079,0.0783,0.0776,0.0764,0.0755,0.0768,0.0735,0.0739,0.073,0.0733,0.0709,0.0715,0.0681,0.067,0.0673,0.0666,0.0662,0.0646,0.0653,0.0641,0.0623,0.063,0.065,0.0648,0.0628,0.0617,0.0609,0.0623,0.0626,0.061,0.0631,0.0626,0.062,0.0617,0.0603,0.0615,0.0657,0.0623,0.0619,0.0636,0.0634,0.0623,3.005223077709058e-08
9,3.2812,3.5022,3.5307,3.7987,3.3316,3.2348,3.1326,3.3427,3.149,3.5521,3.4036,3.3974,3.6053,3.8519,3.9404,3.4907,3.6037,3.4074,3.8458,4.0,3.5774,3.8182,3.8824,3.5149,3.5363,3.3665,3.1523,2.5162,1.9817,1.6907,1.5669,1.51,1.4798,1.4579,1.4244,1.3825,1.3566,1.3259,1.2295,1.1256,1.0134,0.9145,0.8412,0.7919,0.762,0.7399,0.7257,0.7138,0.7039,0.6989,0.6903,0.6809,0.6747,0.6706,0.6691,0.6696,0.6716,0.6744,0.6768,0.6783,0.6803,0.6815,0.6812,0.6797,0.6768,0.6712,0.6653,0.6584,0.6476,0.6368,0.6243,0.6101,0.5943,0.5784,0.5609,0.5429,0.5234,0.5023,0.4826,0.4639,0.4439,0.4252,0.4083,0.3916,0.3713,0.3553,0.3368,0.3234,0.3088,0.2963,0.2854,0.2743,0.2645,0.2557,0.2471,0.2402,0.234,0.2282,0.2232,0.2187,0.2146,0.2109,0.2077,0.2048,0.2015,0.1992,0.1966,0.1945,0.1923,0.19,0.1874,0.1868,0.1842,0.1834,0.1815,0.1797,0.1781,0.1763,0.1751,0.1737,0.1722,0.1706,0.1697,0.1671,0.1667,0.1655,0.1642,0.1628,0.1617,0.16,0.1593,0.1576,0.1567,0.1559,0.1548,0.1536,0.1524,0.151,0.1501,0.1487,0.1481,0.1467,0.1458,0.1453,0.144,0.1434,0.1425,0.1415,0.1409,0.1399,0.1388,0.1377,0.137,0.1361,0.1353,0.1342,0.1338,0.1331,0.1324,0.131,0.1307,0.1297,0.1286,0.1284,0.127,0.1271,0.1263,0.1255,0.1241,0.1233,0.1229,0.1227,0.1219,0.1211,0.1208,0.1204,0.1192,0.1184,0.1184,0.1173,0.117,0.1165,0.1151,0.1146,0.1138,0.113,0.1129,0.1125,0.112,0.1108,0.111,0.1101,0.1089,0.1089,0.109,0.1076,0.1068,0.1068,0.106,0.1059,0.1052,0.1047,0.1039,0.1036,0.1035,0.1035,0.1029,0.1021,0.1015,0.1012,0.1004,0.1007,0.0996,0.099,0.0987,0.0982,0.0983,0.097,0.0966,0.0959,0.0961,0.0954,0.0954,0.0962,0.0953,0.0947,0.0935,0.0938,0.0939,0.0937,0.0933,0.0915,0.0912,0.0915,0.0909,0.091,0.0907,0.0904,0.0896,0.09,0.0892,0.0883,0.0883,0.0877,0.0872,0.0867,0.0873,0.086,0.0872,0.0869,0.0858,0.086,0.0855,0.0867,0.0846,0.0846,0.0837,0.0844,0.084,0.0839,0.0839,0.0837,0.0828,0.0829,0.0829,0.0816,0.0818,0.0821,0.0813,0.0813,0.0817,0.0809,0.0812,0.081,0.0794,0.0801,0.0799,0.0788,0.0785,0.0786,0.0783,0.0777,0.0771,0.0775,0.0775,0.0778,0.0769,0.0778,0.076,0.0761,0.076,0.0746,0.075,0.0749,0.0744,0.0734,0.0746,0.0745,0.0738,0.0719,0.073,0.0737,0.0732,0.0719,0.0742,0.0716,0.0725,0.0716,0.0714,0.0728,0.0717,0.0728,0.0718,0.072,0.0718,0.0711,0.0712,0.0713,0.0711,0.0703,0.071,0.0697,0.07,0.0703,0.0691,0.07,0.0686,0.068,0.0682,0.0694,0.0674,0.0689,0.0665,0.068,0.068,0.0678,0.0681,0.0685,0.0692,0.0687,0.07,0.0701,0.0703,0.0693,0.0697,0.0714,0.0707,0.0716,0.0726,0.0729,0.0739,0.0742,0.0756,0.0764,0.0766,0.0771,0.0786,0.0798,0.0795,0.08,0.0785,0.0774,0.0784,0.0747,0.0751,0.0752,0.0729,0.0737,0.0741,0.0721,0.0716,0.0684,0.0686,0.0669,0.0663,0.0663,0.0665,0.0655,0.0648,0.0644,0.0626,0.0644,0.0627,0.0623,0.0622,0.0619,0.0623,0.0634,0.0612,0.0647,0.0627,0.0616,0.0613,0.0591,0.0612,0.0626,0.0628,0.061,0.0633,0.0624,0.0619,1.502611538854529e-08
